review_overall,review_aroma,review_appearance,review_palate,review_taste,ABV
-0.44497204920876,0.7219142620555385,0.682791067793266,0.5178914781995793,0.4252324377639216,4.955786218628702
-0.1820159364689938,0.05540934214606959,0.1957089060783765,0.013868998185095209,-0.3968321022581575,-0.05773432716432344
0.32888115955266434,0.030739801573943338,0.2924157860576738,-0.1792548162817607,0.07224660498398924,-0.7492544024461202
-0.016932804754711282,0.04215830871113876,-0.23402149173359657,-0.0009509427800346679,-0.04408535338579454,0.5041257340021361
0.30573039623260834,0.1216605342094518,0.2370300425055551,0.34730099830052363,0.25640196464112747,-0.6628143930358955
0.294659270794254,0.34594028745146693,1.2693593135394658,0.3843475163933492,0.398294344375035,1.3685258281043815
0.7912503476697669,1.5542747372439507,0.9034737531471072,0.18260115040350738,0.8255568842425243,0.2015857010663501
0.19317320389472414,0.05540934214606959,1.0221167593103424,0.3843475163933492,0.09309393784234617,0.7202257575276972
1.2115479084348144,1.2857996968474226,0.6974556458197109,1.1517701620990175,1.4648868501237569,1.238865813989045
0.4943132185631941,0.4694827707645707,0.3153212867147029,0.6085872051109769,0.5185555095864258,1.0659857951685958
0.7080030482166678,0.6768305375310831,0.5296894022911375,0.45816491545890287,0.6824788834915732,-0.23061434598477273
-0.9698014744980015,-1.3946118731612855,-1.5185765463851624,-1.357247843889562,-1.2173837506684062,-0.878914416561457
0.6286637344815407,0.21216586771673088,0.5093003085143855,0.43727428921167183,0.26806808350800043,-0.05773432716432344
1.2072032008105726,0.7000213367089415,0.9886125991329308,1.0752430723125252,0.9890843979072708,-0.6628143930358955
-0.2541695990452708,-0.658073442810353,-0.9644364799434274,-0.44210815349275634,-0.5852654960974525,-0.6628143930358955
0.5527326525304032,0.26704625397821624,0.872902508574985,0.27371922451505093,0.3357895801790127,-0.9653544259716816
-0.4095908213692694,0.07169934815067454,0.12797169545478573,-0.32017207105054435,-0.07556996042681402,0.11514569165612545
-0.060447415312537625,0.5985625840836318,0.21071313705319397,-0.26968379759306615,0.13688548701068998,-0.23061434598477273
0.19317320389472414,-0.9383684765828425,-0.21749254131900547,-0.3566117429031589,-1.0500661691574424,-0.576374383625671
-0.10697855862501904,-0.15659725503464383,0.3114066005433154,-0.4010693429185494,-0.08327943659383487,-0.6628143930358955
0.32572730702335684,0.20021072055742187,0.7870595645064046,0.24902302770650164,0.14296644902041714,-0.23061434598477273
-1.6394875040384067,-0.6198507603464015,-1.774950062722723,-1.5962941362923162,-0.9621322837760434,-0.8054404085627661
0.9926196670499371,1.0058683857565893,1.241430915996287,1.2991493290300382,1.2437910670430405,1.1697138064608654
-0.7917022290617661,-0.8969617299876834,-0.06254137874033712,-0.5418510020072859,-0.31517710900668694,0.3312457151816869
0.6333010908058598,-0.08473916851799407,0.17981711484430765,0.1991082572892222,0.3568995133948637,-0.1873943412796606
0.9776630673320778,0.8082715669474433,1.285062684159838,1.0579490659065396,1.2065625671078841,0.6337857481174729
-0.016932804754711282,-0.3394523736807638,-0.31335648697387486,-0.17878134284159677,-0.29492748591725265,-0.8356944118563449
-0.007982256820003246,-0.6470206459104497,-0.19011205108670431,-0.39008831571474806,-0.473568238067019,-0.6628143930358955
0.5139724577769288,0.5542579813690593,0.1406975245350473,0.5487628356502667,0.5665917779662001,0.46090572929702367
-1.1825255634412162,-0.827949823143873,0.3334443746899038,-0.603598162668662,-0.6145767912245861,0.11514569165612545
-0.45993540235815755,-0.5825721668102422,-0.41644239641421177,-0.6859269692571622,-0.6266740450067477,-0.4899343742154463
0.17525409887453247,0.5518033501567992,0.12787004749213424,0.12445950110338004,0.36657457283476835,-0.23061434598477273
0.2502689652800395,0.3218570757923906,0.1687622791012957,0.2796476454771037,0.32030595760767655,1.0227657904634837
-0.447396531131718,0.015010286259102163,-0.08647823433548972,-0.9258868653402329,-0.49242647120256744,-0.576374383625671
0.33386969431707986,0.08646489898134808,0.014934202548997065,0.5290681188434491,0.399297712905161,0.5473457387072483
0.31823775144519384,0.05540934214606959,0.3334443746899038,0.8783225788043554,0.6918933022781445,-0.3602743601001095
0.005578633712865156,-0.2758505932821134,-0.010891817620314496,0.1991082572892222,-0.3968321022581575,-0.23061434598477273
-0.037713113604132015,0.10637225624612615,-0.34463182962875394,-0.014630546304770304,0.2061531902642589,-1.0950144400870183
0.9960819262862505,1.039911238714966,1.3378031014644138,1.2749821776616719,1.0317922306749114,1.2820858186941573
0.5683645954022881,0.9166827891925804,0.7328737627572932,1.0882602575970328,0.7789903939830506,-0.1441743365745481
0.537098458514671,0.7179272254467987,1.2459331769761723,0.801137516537634,0.7599381501356222,0.2015857010663501
-0.2758143471318463,-0.15162836594099938,-0.3207941427776512,-0.21768174285506361,-0.15186908220790565,-0.403494364805222
0.5683645954022881,0.7872611163038773,0.8395371846392455,0.6772853115347593,0.49187021803423153,0.15836569636123798
-0.051602671138626995,0.20243877042701194,0.25095085495162195,-0.09509657945262702,-0.1295990041290973,-0.014514322459211313
-0.38666517243388865,-0.019877277845194885,0.0830185037767641,-0.39029282067481885,-0.32260046836628914,0.11514569165612545
0.1711029896211119,1.1187794339649297,0.6922468075384671,0.6053907036698707,0.6818282617103193,0.26641570812401866
0.27571589532378843,0.8371805636942674,0.5097440886440111,0.4436250573738696,0.4458406867147091,1.0659857951685958
0.9776630673320778,0.8986139208924518,0.3835295488725326,0.7548282574816033,1.2956389600147962,2.362585936321964
-0.19541699578874208,-0.5952786100005102,-0.4093369559030043,-0.1978336473281921,-0.15186908220790565,-0.6628143930358955
-1.4326524073983096,-1.4904677064446021,-1.4571018419483523,-1.5915460646106732,-1.8121735603920213,1.4981858422197185
-1.2516131680982094,-1.7985746062520385,-2.085239145981856,-1.4411615639186126,-1.6532552709125405,-0.9221344212665691
0.47547789799737195,0.5780271592374175,0.19069592606663094,0.5066437053956858,0.6091820284842167,-1.7433145106637027
0.19317320389472414,-0.44147956721838644,0.2783511789327337,-0.023179742787730426,0.06043154860092582,-1.0950144400870183
0.3622070930600658,0.3392462000645089,0.4993040991141114,0.3570505499838993,0.4262436451106885,-0.10095433186943596
-0.1820159364689938,-0.6870698920052251,-0.3599781927705445,-0.3566117429031589,-0.38556968244832723,-0.6628143930358955
-0.08061316189179359,-0.08186913817750452,0.14359325186131705,-0.2064161870111635,-0.13200748054223124,-0.014514322459211313
0.8894632514161114,1.2178650451591158,0.9701498582093574,1.0446206774219242,1.0639294192013438,1.4981858422197185
1.1592898551761828,0.6558161117762417,0.46945678637355764,0.6992562574623654,0.8647274510006391,-0.1441743365745481
0.9279623134833623,1.2032008596659518,0.7851951921182573,0.8767976831238276,0.9227876061608706,0.6337857481174729
0.15148652214046462,0.46828228715954606,0.6847670050184701,0.5293193042835356,0.4930813152053596,1.4981858422197185
-0.3043385908141133,-1.9026509696518805,-2.1148310992064796,-1.4543499109631775,-1.1780289717192123,-0.7751864052691874
-1.7728250052257115,-2.2634062307399376,-2.3165651167909003,-2.446118943626512,-1.9645954305797688,-0.2738343506898849
0.45091341634155246,0.2772086259525384,0.6628085658671221,0.05897123340070917,0.2848039570378336,-1.0950144400870183
0.4882846553415771,0.36440865443472564,0.5354188764786467,0.3462762506201698,0.33902505174783704,-0.23061434598477273
-0.5036075929852569,-0.1575433315180736,-0.8668122890816639,-0.4095385157214815,-0.35017154619898533,0.5473457387072483
1.203301968524142,0.3611868267464063,0.10035567945536512,0.6408345252821405,0.7337663010734538,-0.7492544024461202
0.7372003839091155,0.9166827891925804,0.17504957747408798,0.5325402574046506,0.8769756020031527,0.8498857716430344
-0.4768099766334536,-0.34683415531828216,-0.09943463074566754,-0.277223806555676,-0.5368118107315134,-0.6628143930358955
-0.7558370052952229,-0.9773404675221152,-0.1202699838706458,-0.552747559771058,-0.5121097397896456,-0.44671436951033416
0.5683645954022881,1.711705044175711,-1.8703057685643347,-1.468051743287921,0.5830199779428499,0.8498857716430344
-0.06340766947102389,0.0062531161204631685,-0.1508486660985707,0.052111425718334096,-0.06810740698400264,-0.23061434598477273
-0.316013022803398,-0.16937525022786068,0.07765099550503855,-0.039057774633227405,-0.1168746450156073,0.6337857481174729
-0.1820159364689938,0.22103831608234265,-1.0439003945509704,0.1991082572892222,0.5013649846913792,0.7202257575276972
0.6091710799124643,0.4807422734507693,0.4478751884496008,0.5063502852355847,0.5948605104799985,0.28802571047657477
0.5568792594961306,0.19061678949541355,0.3179839674924548,0.33520186245633593,0.3830498057112682,-0.23061434598477273
-0.8817907546651622,-0.8351388118845575,0.13613080387152904,-0.46000233749895075,-0.606475374225484,-0.014514322459211313
0.4862406167287203,0.9674370099507047,0.8164011166523002,0.556867456133073,0.6355870823414743,0.4176857245919115
-0.5572073279765578,0.5937049981056847,-0.6306964679349879,-0.21768174285506361,0.09309393784234617,-0.6628143930358955
-1.1834350255553066,-1.8008483699012903,-1.7215526524888132,-1.4316765349553289,-1.4586350910388566,-0.4899343742154463
1.35137095504463,0.6315122814414076,1.0939769104678247,1.0447696103819768,0.9664400163338247,-0.6628143930358955
1.318745127273569,0.7179272254467987,-0.21749254131900547,1.8662682578663654,1.562872058143857,-0.576374383625671
0.1428443809127625,0.16044171980752836,0.5484446910096596,0.334650588216145,0.2723343594651958,0.028705682245900817
0.1808729539160403,0.2617673062051283,0.3040904264510012,0.17177794767976104,0.34207239171726167,0.2015857010663501
0.42467408366374504,0.3796194177281902,0.3715400477168454,0.1399885407887558,0.395388103105159,0.4176857245919115
0.3807700252204292,-0.02740613859988537,0.402312108995668,0.47696825738541276,0.17474893109381673,-0.014514322459211313
0.10489459794412125,0.07489533761570595,1.1922580942589212,0.10103923741527211,0.5253811591771054,-0.878914416561457
0.00021866021373466722,0.03647986225492154,0.2075149450575702,0.20440093457105485,0.041769285881417095,0.4176857245919115
0.18144924674080984,0.7179272254467987,0.7638639952730273,0.233840757301246,0.15433469285490914,-0.1441743365745481
0.746261237892314,0.9072876136943174,0.8286360604495111,0.7466191616387611,0.7827530259710228,0.9795457857583715
-0.9323987194841219,0.05540934214606959,-1.8703057685643347,-0.7270924839914129,-0.7234501155598799,-0.44671436951033416
-2.14853415981803,-1.6123108296876785,-1.4428537726469188,-1.8513073757405976,-1.9510793509854762,0.0
1.2437077494295954,-0.6733617207736786,0.36099097256848933,1.4216922577124602,0.3870495619026482,-0.878914416561457
-0.24454821024422918,0.7731375459441014,-0.010891817620314496,0.3226025786119743,0.25640196464112747,1.5414058469248306
0.5683645954022881,0.7179272254467987,0.47117736408283056,0.013868998185095209,0.1475306000099935,-0.3602743601001095
0.6245914152627546,0.17365101457407292,0.3409489693959147,0.20264041361044513,0.31780929450732437,-0.576374383625671
0.7546444975776399,1.5832691988831868,1.1076572387095711,1.6134312179388366,1.527918774738927,3.5295260633599956
0.3543483498910339,0.689932504293205,0.2509979601050458,0.23824428258276997,0.4864144016516721,0.6337857481174729
0.07592687892404303,-0.4311283774585059,-0.876034982278346,-0.2061049838110557,-0.2437302147267501,-0.7924744071512323
-0.18983415904878342,0.497087931013222,0.47117736408283056,0.04474257851578371,-0.09743242004025834,0.6337857481174729
-0.7791521021160922,-1.7735155047749707,-1.8703057685643347,-1.3271656088391486,-1.3076810392672498,-1.0950144400870183
-0.020980361391182537,-0.28255064333598373,-0.04571244287499251,-0.15930002251485317,-0.2404967028620865,-0.6628143930358955
0.20675660586606026,0.42114343010595884,0.8220586935003729,0.5184583125997758,0.35246666258403436,0.11514569165612545
0.8753395749215549,0.6576983269649144,0.8718612367624583,0.9232292005799019,0.8403546103577187,-0.05773432716432344
-2.8083511747342498,-0.7727395026465694,-0.6306964679349879,-2.023771743480302,-1.8666102225596686,0.15836569636123798
-1.6827792513554038,-0.7727395026465694,-0.6306964679349879,0.1991082572892222,-0.8867581423586611,0.2015857010663501
-0.05151487652860317,0.17062993000513754,-0.0019096086279538672,0.4326707047300773,0.10019394601548297,0.7202257575276972
0.8817598371725075,0.8751130630351509,0.9524383205219668,1.0018146772471064,0.9608705371099617,0.6337857481174729
0.3900379844375304,0.8635236261131349,1.5338671461077569,1.0028660994874692,0.7799918028090168,1.2820858186941573
-2.5649575020228084,-3.3560172410970774,-3.6279279621778757,-3.0226473235060967,-2.9689438127858017,-0.8356944118563449
-0.25838374032640143,-0.44294638327882974,-0.4442071655297078,-0.41562698404358933,-0.5615863907273149,-0.6195943883307834
-0.8386003088212693,-0.5242950479643415,-0.010891817620314496,-0.07875174280696834,-0.3968321022581575,-0.6628143930358955
1.08860393838799,1.0098792730329784,1.146273547642775,1.0856016931161119,1.1277981374930057,0.8066657669379222
1.2249489677545646,0.859896337074774,1.0663881658730174,1.244390903091082,1.084610177206066,0.8498857716430344
0.19317320389472414,0.22103831608234265,0.1957089060783765,0.013868998185095209,0.09309393784234617,-0.44671436951033416
1.9190509034569025,2.1564603691696482,1.8058473435402402,2.1158865675527783,2.003002015528546,1.6062358539824992
-1.0737750553481984,-1.1544078241519575,-0.942096241127485,-1.1083097354833842,-1.2299434946324221,-0.44671436951033416
-0.25181940486925614,0.05540934214606959,0.48398996581413617,-0.06367394776174869,-0.19174710216792618,0.8498857716430344
0.7465133660031521,0.6607313368676753,0.6445838299292698,0.8028046765382112,0.8508938993323615,-0.6628143930358955
-0.19008628715961953,-0.16186825258518175,-0.199721502385183,-0.6235173903555571,-0.2563507095197391,-0.7060343977410077
-0.04378895084653054,-0.23226349815266376,-0.7829304069266768,-0.24936667438603288,-0.19914302566928327,-0.878914416561457
1.5331395649510786,1.3922770274573149,1.1401746698836805,1.3105482576739844,1.3179090380936054,-0.1441743365745481
-0.9640407973941482,-0.6949127865506336,-0.06316366260925305,-0.436957740530973,-0.6801622103607602,0.9363257810532586
0.1808729539160403,0.4735552722657217,0.06023448483119608,0.3539807527028369,0.277819571410161,-0.23061434598477273
0.5725337138064843,0.36090260629024984,-0.13026123483371774,0.13736109662784618,0.22737090720893224,-0.6628143930358955
1.2505287152852709,1.814093972839351,0.30088975523677586,1.138779651374521,1.5747498250600536,2.1464859127964027
1.018593364753827,1.3141939166841456,0.8568346928202274,0.9771162575585549,1.3669016421036564,1.1956458092839328
-0.15856802216116525,-0.37936845354782944,0.4797876902850021,-0.4260767429272065,-0.19269559898156105,-0.9221344212665691
0.061798700141791375,-0.1980676034102016,0.14677161010813125,-0.055573773038944584,0.03607830499960961,-0.576374383625671
-0.8386003088212693,-0.5242950479643415,0.29901050753702224,0.7548282574816033,-0.3968321022581575,-0.3170543553949974
-1.2520746525867954,-1.9363718385969901,-1.8861182248031634,-1.513416278343626,-1.5241617190502181,-0.6628143930358955
1.6939365187811342,-0.2758505932821134,-1.8703057685643347,-1.468051743287921,-1.376684182459165,-0.6628143930358955
-0.8386003088212693,-0.7727395026465694,-0.3207941427776512,-0.3566117429031589,-1.376684182459165,-0.23061434598477273
-0.4958118818439351,-0.2758505932821134,-0.022159866163034763,-0.5586915408931153,-0.6640652003872177,-0.878914416561457
-0.6885233019894748,-0.2040779716578739,-0.5273948664763422,-0.5171525823187355,-0.4512687644258048,0.11514569165612545
1.2426632186846998,1.3394219603903987,1.9559813843766634,1.8060504386455185,1.418776970933658,2.362585936321964
0.846196266681429,0.7955015219767783,0.39708095774701196,0.6375868976010163,0.7463280047416303,-0.1441743365745481
1.131150557091711,1.4632605894934827,0.6089128326943589,1.1716182576258891,1.4403905481187314,-0.3170543553949974
0.5324430930395752,0.2633275373805328,0.463851273116111,0.40011440423880695,0.3015731455383939,-0.23061434598477273
-0.6072322465392077,-0.03292756816074354,0.06715646316591012,-0.3236797756917583,-0.33876606798544573,1.0659857951685958
-2.347332672925202,-2.6726081604910292,-3.3529751816424826,-2.981450688451835,-2.6746138852308627,-1.0085744306767936
0.5575410957870769,0.7752602553649065,0.6446706025803127,0.7868888557327018,0.8562478110985796,1.15242580457882
0.36237817999241934,0.7828805436789205,-0.30661549159705265,0.11556798110030193,0.711104282162565,0.6337857481174729
0.44898643720872744,0.20598059457296256,0.026673302625957365,0.266468189952541,0.2267104869068767,-1.0517944353819062
0.5337802724845502,0.5458208076880507,0.4046202615134398,0.42574198776767863,0.4105875685732372,-0.576374383625671
-0.38314888574525346,-1.9765423255856498,-2.3687055631939713,-1.2618040452965216,-1.2049572665872963,-0.9739984269127039
-0.019433825568459767,0.6351117447008437,0.037314108862559585,0.5695889983774763,0.44693028222789266,1.2820858186941573
0.7879073990573322,0.31434014037152563,0.31479817158983797,0.3212532904515071,0.4760495263473061,-0.6628143930358955
1.3945816611831436,1.5029063617938543,1.1133272116506496,1.0090412601296073,1.2032447879643227,0.2015857010663501
0.5683645954022881,-1.2696284120110255,0.6089128326943589,-1.468051743287921,0.5830199779428499,0.11514569165612545
-1.6827792513554038,-3.2571840494688495,-1.8703057685643347,0.7548282574816033,-2.356536262660172,2.362585936321964
-0.5572073279765578,-0.2758505932821134,-3.109915069193682,-0.3566117429031589,-0.3968321022581575,-0.23061434598477273
-0.6550825601458886,-1.0103815924392145,-0.4151110560253358,-0.21164217789297263,-0.5246381284870959,-0.4683243718628902
0.9776630673320778,0.8082715669474433,0.15814626505070623,0.5527484594916469,0.7611747234608364,-0.23061434598477273
-0.4919196541328908,-0.4810617377383584,-0.3373330100666476,-0.5164946098385076,-0.7082937635833313,-0.576374383625671
-0.39248888156545103,0.13620347880873074,0.09492866993720984,-0.3023956996843904,-0.25343858913738193,-0.3170543553949974
0.6825538670290718,0.09861681414876558,-0.12766549295820037,0.20716175153201052,0.3132059494345397,-0.6628143930358955
0.44743539909831154,0.10359166590932235,0.363038807133129,0.32311161813215056,0.33846261665380134,-0.403494364805222
0.8497575762469997,0.8421494527879128,0.4539616701156906,0.7548282574816033,1.0729460180433534,-0.23061434598477273
0.05674037991812759,-0.1520457526248656,0.13310367795939182,0.04380674603545924,-0.06361576504836174,0.028705682245900817
-0.1418172607974412,-0.26402066212796405,0.18833075152102985,-0.3566117429031589,-0.3735018242285714,-0.9653544259716816
0.24972869075681714,0.26853493315067195,-0.15217008961304132,0.15007374735224716,0.06427452845947436,-0.5331543789205588
0.26367902917517505,0.9691502829101928,0.5368097181139524,0.7921259610145144,0.8745651658858573,2.362585936321964
-0.24404395402255494,-0.31592170248890034,-0.17084108489911987,-0.29610939504221406,-0.29213098808035887,-0.403494364805222
0.11813582605074936,-0.5408573490912774,-0.46541440144487506,-0.2084190018918574,0.06043154860092582,-0.6628143930358955
0.27357280638167447,-0.22852689355424238,0.3727970115476831,0.2520350301075448,-0.023555492601423613,-0.403494364805222
0.7559591655841461,0.3866672900186157,0.1957089060783765,0.1991082572892222,0.41971195114406856,0.6337857481174729
0.4084388342409286,1.032632809970595,0.8835532316859924,1.0131157991710187,1.016018571887836,2.362585936321964
-0.49891170692092085,0.11611724153658118,-0.05780855043053442,0.006489036582540412,-0.1587006109110673,2.5786859598475256
-0.9566030181244608,-1.3273311272777009,-1.070556952951704,-1.0736705964313928,-1.231285891982298,-0.6628143930358955
-0.2502323484572921,0.17586713910983837,-0.06723701877112123,-0.05349093447822362,-0.1295990041290973,-0.6628143930358955
-0.4548815844221869,-0.2758505932821134,0.029355817152518792,-0.7030342537430848,-0.651338881569567,-0.6628143930358955
0.321288051357551,0.911835140992821,0.36703778673696,0.5921779049452967,0.7025148988275234,0.8498857716430344
0.024249620777873005,-0.07332662404771097,-0.13720304691724242,-0.21965788317574753,-0.18785904911368903,-0.6628143930358955
0.7859353970475728,1.198593705698325,0.6366007460332151,0.9333833164234169,1.0123362877704394,1.238865813989045
-0.05214294566184838,0.3038537968282976,-0.09829914862629088,0.1563600519944235,0.0868130860082579,-0.44671436951033416
0.3486889742602858,0.3614233458672633,0.27712148650650925,0.2962036557228354,0.21694136166727263,0.3312457151816869
0.5683645954022881,0.7179272254467987,0.6089128326943589,1.0326882575777938,1.0729460180433534,0.3312457151816869
0.9584135362984533,0.5604969185150395,0.3388986556126734,0.7108107877063654,0.7673477915661023,-0.23061434598477273
0.4397274825670135,0.5191716617010161,0.07765099550503855,0.4213962573661748,0.5270292703760041,0.11514569165612545
0.371099111254758,0.4720447299812536,1.0306353544242668,0.2735858517150049,0.3910904718813972,0.28802571047657477
0.3401233719233721,0.5136502321401588,0.4470744008413935,0.3874350967144183,0.48775679900154717,0.2015857010663501
0.4953374890134691,0.9449955192481686,1.0267776902807086,1.0887315081571947,1.0280295986869392,1.4981858422197185
-1.0929593032102678,-1.716611786874553,-1.4913869559851585,-1.3467158384459168,-1.3895202447097976,-0.6628143930358955
-0.3781400906862173,0.19845173381827208,0.04545338353049224,-0.2555707324681801,-0.2854856312724362,-0.6628143930358955
-3.616453285980245,-2.8494807366684007,-2.2199400510254437,-2.807479208071609,-3.3363883428611794,1.4981858422197185
0.39909658727688396,0.6077490662399617,0.41297026976247925,0.5462043007693808,0.5324674494211191,0.2015857010663501
0.19317320389472414,-0.2758505932821134,1.0221167593103424,1.1253089985698583,-0.07021408895643512,-0.5331543789205588
0.28697161455757664,-0.5242950479643415,0.6089128326943589,-0.3566117429031589,0.338056957892598,0.028705682245900817
1.6939365187811342,1.2148161348112547,1.2287174830090324,1.8662682578663654,2.5427241383448647,2.5786859598475256
-0.5572073279765578,-0.2758505932821134,1.8485221333237059,-1.468051743287921,0.5830199779428499,-0.7060343977410077
0.41828758857049353,0.45292046963763477,0.5262730390586033,1.1994042576355086,0.5830199779428499,-0.6628143930358955
0.570876871935269,0.40958976918541684,0.514836403650997,0.5637983959754718,0.4342921500974593,0.4176857245919115
0.7967408875120086,0.09861681414876558,0.3214672696272235,0.36824052790777256,0.24220194829485386,-0.44671436951033416
-0.43156198531362444,-0.2203838781075781,-0.03683684028248659,-0.3411027091377899,-0.33758436637672345,-0.6628143930358955
-0.04316763514482554,0.412751970204612,0.34537437459916126,0.4135205935234482,0.15867543757019975,1.109205799873708
-1.714786014568605,-2.277535763766625,-2.181675791133617,-2.00533517675392,-2.019857128198946,-0.6628143930358955
0.4520547462718582,0.0653471203333585,0.01803322580057092,0.23245145730076536,0.23680492303710685,-0.403494364805222
1.0589991456592802,0.3420744917366122,0.26722444585028404,0.6479588556846065,0.5453329072341587,-0.44671436951033416
-0.9936545946982461,-0.6206298821562845,-1.566727930058809,-1.3092736477129543,-0.9767438379960007,-0.44671436951033416
0.6199180406368862,0.7634442371002205,0.7887032864390376,0.330613838134747,0.6652981571173292,-0.3602743601001095
0.14675912006227348,-0.016307627920321255,0.22126964985735373,0.04442248379567258,0.04763664013766105,0.07192568695101333
0.8732077416986753,0.945667313053628,0.892989137682383,0.9400675165857293,0.9096379912445731,0.3312457151816869
1.6939365187811342,1.711705044175711,-0.6306964679349879,0.7548282574816033,1.562872058143857,2.362585936321964
-0.19644801967055725,-0.3905166531183299,-0.2651703942398114,-0.1856211446039651,-0.19583700475068508,-0.23061434598477273
-0.41463563472985276,-0.2891016267170451,-0.3249270001859491,-0.17878134284159677,-0.31191224187545685,0.4176857245919115
0.6246431915712313,1.0558116838146288,0.8134483672982001,0.904872657533546,0.9651622892212433,2.362585936321964
0.5031129398601693,0.3146541741622437,0.6807754630704428,0.2554849398687386,0.29900397338410634,-0.23061434598477273
0.48178110076829384,-0.12296185098194548,-0.6306964679349879,0.24185646258402094,0.2061531902642589,0.8498857716430344
0.31823775144519384,-0.3862712342767206,-0.6306964679349879,0.26085541795059825,0.25640196464112747,-0.8356944118563449
0.48608528780329435,0.5813563149301596,0.7937658508228087,0.8588234754376041,0.7549232671891539,0.7202257575276972
-1.9764071990072432,-1.7665173213754815,-1.9511506079327794,-1.2505962843326417,-1.610996210397632,-0.576374383625671
0.8356879272047649,0.7427716709150218,0.2370300425055551,0.7270422574719838,0.7789903939830506,0.24480570577146224
1.6939365187811342,0.7179272254467987,1.8485221333237059,1.8662682578663654,0.5830199779428499,-0.23061434598477273
0.14247294217804754,0.39562122816536316,-0.09464973884523775,-0.4166895206839566,0.18578206551688012,-0.8356944118563449
-0.5310310273264595,-0.1371847991235931,0.34946012685403527,-0.07228983064473134,-0.10059734225930789,0.46090572929702367
0.8751684879892014,0.8924206975261326,0.8327887516066207,0.7381010854758131,0.8058618574304829,-0.1873943412796606
0.0648197351841406,0.7440794825244683,0.2500781700039791,-0.0933760703320308,0.35094985156388264,-0.44671436951033416
-0.05069996245607694,-0.17647281140922255,-0.22782344523044998,-0.24546774286468306,-0.3478394982481073,-0.6195943883307834
0.27216133918975804,0.45640664222573585,0.6089128326943589,0.1698596022390973,0.27359248953617393,0.2015857010663501
-2.0909071284848797,-2.5706425811781686,-2.7456013333945206,-2.35465854599485,-2.3041768869025514,-0.7924744071512323
1.0877755174523833,0.9821687723355412,1.0137568341868968,1.2527267030939682,1.1739511301746344,0.6337857481174729
-0.5572073279765578,-0.2758505932821134,-1.1265401881867272,0.08796425725074639,0.19107914586244656,0.6337857481174729
-2.1156922222376826,-1.3651841243930856,-1.1789855784777528,-1.7886599486789103,-1.56511757629846,0.7202257575276972
-0.6068653100921859,-0.5096805513621138,-0.26610505965248554,-0.4383359261314503,-0.6129757129255375,-0.014514322459211313
0.05499349229304337,-0.10618091873488868,0.043529509895915225,0.07983073932793003,-0.062247891544400524,-0.1873943412796606
0.09590127827632383,-0.1776991332375333,-0.06445533550050882,0.03445064411222052,-0.10045624355975923,-0.576374383625671
0.673886963219055,0.9619354559462204,0.7860009381636667,0.784599289331909,0.8717255545574347,0.6337857481174729
-0.3794862747065786,-1.0604123429453027,-0.6959395846457117,-0.5321014503239102,-0.49997525162843637,-0.44671436951033416
0.621964330393589,0.5049745517826546,0.8597849629557259,0.6357463529603795,0.6530088523274465,0.4176857245919115
-0.14123421454113141,0.015801333402810615,-0.30731958967981055,-0.2881537075194594,-0.22997309152072834,-0.6195943883307834
0.8497575762469997,0.9663716801290267,1.2287174830090324,1.5884082577701748,0.8279829979931017,0.28802571047657477
0.09237598701230137,-0.3005718103008137,-0.21749254131900547,-0.12436968618276086,-0.06534030470951549,-0.878914416561457
0.13493836372294907,0.8521587829781495,0.34013578569470154,0.32684383365344205,0.3635977822151176,0.6337857481174729
0.8497575762469997,-0.2758505932821134,0.14405934495835387,0.47696825738541276,0.27681620288003506,-0.6628143930358955
-0.4305804865964379,-0.2137394796115564,-0.24331856148831704,-0.7456157430378252,-0.3968321022581575,-0.014514322459211313
0.21685748830646132,0.8422865941268971,0.8450286538410348,0.4815829562670107,0.5580631454601299,-1.7433145106637027
-0.8935844972783258,-1.1896690487160968,-1.3383671046968708,-1.097571002199667,-1.1063802279107544,-0.878914416561457
0.9611419226407231,1.271751653601872,1.0092025096163844,1.2121391371599164,1.3077028988262323,2.1464859127964027
0.9840180464114753,1.572057397532286,0.9735042409768602,1.5175806323056547,1.3931597181488824,3.6159660727702208
0.8576748491560474,0.8983833644385063,1.0052084884497576,1.0206069047736108,0.9676942269964814,1.0659857951685958
-1.1765420230965336,-1.3457080667016361,-1.022152688980729,-1.382964342618465,-1.4188785727367805,-0.7492544024461202
0.2966740445371019,0.5237410521115322,0.3239440090098814,0.448224196095462,0.39155492176741297,0.4176857245919115
0.5626219274492094,-0.13895173608529296,0.46344963970270714,0.11404975405977637,0.16808201754012925,-0.3170543553949974
0.4607734263903508,1.2367368859367767,0.6089128326943589,0.8671970644005026,0.8982305533268728,1.4981858422197185
0.7062516583038895,1.2459134303149204,0.770671929552084,0.9842205820410143,1.1701493041034539,0.2015857010663501
0.6716290659407573,1.1920228467608889,0.21655913451496217,0.6885486444986584,0.8931568792555912,0.6337857481174729
0.28697161455757664,0.8123778568944314,0.012159956934188358,0.5435635193284666,0.593141849931326,1.0659857951685958
0.27654881854708824,-0.11022161934584034,-0.03384690264936906,0.30201870980484785,0.2019672621776408,0.5473457387072483
0.37740006288183275,0.5493228807212511,0.9701572958651622,0.6305959399985962,0.5282580048845755,1.2820858186941573
-0.1820159364689938,0.488593118218728,-0.376417891315491,0.09936318589469255,0.3317761060585097,0.28802571047657477
0.010515392168805026,-0.053558395677554986,-0.23380332049668615,-0.059252639440218066,-0.07451172018019696,-0.23061434598477273
1.0608023118805332,0.28314942975289964,0.9962907391410298,1.2410832576499367,1.0729460180433534,-0.7060343977410077
-2.2268401985274964,-3.2424880630854864,-3.482256514823719,-3.1126139457772415,-2.92706101546969,-1.0215404320883275
0.5878189805259683,0.9387665198803754,0.8078626877895653,1.051211516624207,0.8975407374624106,1.0659857951685958
-0.45680406126731776,-0.13121616954430798,0.0967732085765465,-0.25225197262703125,-0.2450236194726152,0.6337857481174729
-1.5804535078010329,-1.8658951032483724,-1.6899996373505939,-1.60950693501689,-1.8933327484909104,-0.6628143930358955
0.6020484607813231,0.5196665630547435,0.990687705102186,0.6217888894355473,0.6453307314269922,0.9795457857583715
0.690047924894928,0.4600816325993954,0.25378212259425986,0.2621891459510598,0.6412819826316014,0.028705682245900817
0.6679799617651628,0.048832520541722074,0.3274620202050671,0.2528886160278402,0.3329911226379591,-0.6628143930358955
0.3569214073078787,0.009089358015115618,0.14668483745708719,0.29643705812291626,0.2522513112293954,0.0935356893035694
0.32615277321039454,0.8437216092971427,0.8913553326241541,0.7829654725313441,0.6946486463276702,2.1464859127964027
0.27216133918975804,-0.19739382204910366,-0.33710492195533187,0.11136229213884648,-0.06161882650891144,-0.6195943883307834
0.7641173108847966,0.1130186422977847,0.5011213663488336,0.5615332812546878,0.4552139517139115,-0.6628143930358955
0.6970962562791259,0.5984413431897467,1.3523139679375813,0.810237987260785,0.7439332462576201,0.4176857245919115
1.256215104642182,0.27624863657964627,0.1957089060783765,0.4460946770547252,0.5285833157752026,-0.6628143930358955
0.47740937941789013,0.035333042652108716,0.23327402632464836,0.44048190505278145,0.3949667667106729,-0.4899343742154463
-1.1042735521840719,-1.0197966434938521,-1.011581300864962,-1.132756969731848,-1.1905671589374651,-0.4899343742154463
-0.6492993716035684,-0.7456371939741946,-0.5743512667841812,-0.3667147325066559,-0.619525044229601,-0.3602743601001095
0.21368337548253316,0.15872844684803944,0.07081826903996909,0.043648921555404264,0.26165397179100447,-0.23061434598477273
-3.933923098113096,-2.7602951401043936,-2.4901104188790084,-3.135211743865064,-4.316240423062187,-0.7492544024461202
-0.0748187176302391,-0.2758505932821134,-0.3355504518923434,-0.5153898384781257,-0.4434926583173297,-0.10095433186943596
1.0378203843489846,1.048950641754124,1.0712300798012764,0.9889819910026628,1.0879397145745895,0.028705682245900817
0.5900701243727267,0.4441593243877203,0.4791455726672767,0.264936625632011,0.5236350627701877,-0.6628143930358955
0.6528927957041933,0.27013889055010043,0.56481497143377,0.5263895484425215,0.4087376078458176,-0.44671436951033416
0.08536142278580465,0.4552041710650735,0.21945734105983353,0.5078418377161003,0.4628842337977249,1.71428586574528
0.027648847986477397,0.4678589378087675,0.10658843501892978,0.1991082572892222,0.16994569619667185,-0.2738343506898849
0.9703536032616555,1.1438325727750869,0.4318247272250512,0.8342161938290852,0.8629774351854009,2.1464859127964027
0.1846458710032057,-0.18550625178146796,0.18631762601680824,0.22436906561796693,0.026285663310080903,-0.44671436951033416
-0.35255809201166305,0.3565538345554924,0.49621995117414497,-0.3566117429031589,-0.3968321022581575,0.6337857481174729
-0.8386003088212693,0.22103831608234265,0.29901050753702224,-1.1901917431917306,-1.131721162408913,-0.4899343742154463
0.9522724158844976,0.9183622737062322,0.9754281146114372,1.1163107803267431,1.109676753121768,0.3744657198867994
1.4828917831476005,0.5937049981056847,0.7638639952730273,1.2410832576499367,1.1954275280684794,-0.6628143930358955
0.27548627865141906,0.7179272254467987,0.4444737005286741,0.18776712352529623,0.3130609313266706,0.07192568695101333
0.5683645954022881,1.0018634611471116,0.3875533206623753,0.6754403211341204,0.6880032895197458,2.5354659551424135
0.005578633712865156,-1.7665173213754815,-2.4901104188790084,-0.91233174309554,-2.356536262660172,-0.44671436951033416
-0.8169555607346938,0.080889805418279,-0.2704684843907008,-0.26161696607027335,-0.1037132718743466,1.4981858422197185
0.7748372578830577,0.9453552668185475,0.8495482693511291,0.8547889482362081,0.8168577574744987,0.9363257810532586
-0.09543469297884555,-0.5051847005101842,0.06856961776862802,-0.1856211446039651,-0.47220624367553976,-0.6195943883307834
0.5837826796087313,0.8983038622130093,0.5707055948303617,0.8081173597400506,0.8078489974491316,0.6337857481174729
-2.3018438092137687,-2.9093618129137306,-2.738032279004878,-2.301631743576493,-2.5035140746903237,-0.1441743365745481
-0.36735260937255415,-0.23993148780197543,-0.6755009064969353,-0.436957740530973,-0.45585839156946645,0.2015857010663501
0.11066202847951384,-0.2799747712298385,0.1408437984325211,-0.07068046552417433,-0.0065178246308881015,-0.23061434598477273
1.2091391845187849,1.4474416341749567,0.919975432157084,1.2460269427716482,1.4747951143587488,1.2820858186941573
-3.5821818720572063,-2.791350696939672,-1.7928301872750005,-3.169944243877088,-3.1526660778234907,-2.6941546141761727
0.8441072051916378,1.0372141257149365,1.3357527876811748,0.9869369414019552,0.9450537648313585,-0.014514322459211313
0.7669942727209532,0.6594692390378888,0.4630752776939176,0.4279337474484377,0.6982976154743388,-0.2738343506898849
0.4234044385341732,0.3452605434234567,0.5525676315435523,0.04754785307675408,0.3640387156512079,-0.403494364805222
1.0481171163040541,1.2555451249340404,0.8527712535327646,0.8277098240668335,0.8400312591712524,0.3744657198867994
0.2280749380948553,1.1339265954779965,0.4359451885403433,0.6255900142368634,0.6741697378514682,1.4981858422197185
-1.6368739260323206,-0.49795198554547565,-0.6488964116868275,-1.2813009257832708,-1.3495109245710302,-0.2738343506898849
-0.9665057999063474,-0.004819556335814797,-0.4053131841131616,-0.45765275333813765,-0.6640652003872177,1.3253058233992694
-1.545558527032442,-2.4500456553197774,-2.6381693537461772,-2.141873357921187,-2.0175427175855103,-0.6628143930358955
1.0936307425978007,0.9961850146908935,1.0221167593103424,0.9919361985236858,1.0533489764393338,0.3744657198867994
0.08597598505596941,0.22103831608234265,0.07765099550503855,-0.5153898384781257,0.02310506345774857,-0.878914416561457
0.8035753602307665,0.757600823526095,1.0316865431112,0.8205610419843584,0.806130336900459,0.28802571047657477
0.9435559869098532,0.3866672900186157,0.6089128326943589,0.9400675165857293,0.7463280047416303,-0.4899343742154463
0.31255361323213093,0.22103831608234265,0.1299724248660015,0.6790480553753693,0.538481781489393,0.46090572929702367
0.00322393724915638,0.7470329902017304,0.6867131916204572,0.3362932965367133,0.2714348552555709,0.11514569165612545
0.44094084910041553,0.0616582170702375,0.0008026565218224157,0.25153488210737185,0.1947771076131251,-0.3170543553949974
0.7639777399662981,0.56786876237437,0.39701401884477855,0.5189251173999374,0.5648750771216874,-0.4899343742154463
0.5120859992333461,0.4694827707645707,0.29901050753702224,0.3658242573469369,0.4360421659126984,-0.014514322459211313
-0.5681343802087195,-0.4591688123917605,-1.1482036003245248,-0.46451922966051495,-0.6727133748470718,-0.5331543789205588
0.24677293888602503,-0.4888032669462575,-0.6306964679349879,-0.11844571098070926,-0.3968321022581575,-0.878914416561457
-1.4576648666796344,-0.6733617207736786,-0.13485274768324873,-1.2457637432109685,-1.1807137664189633,-0.014514322459211313
0.4745661847394356,0.7179272254467987,0.8155135563930488,0.7702639362069466,0.8688095147667562,0.8498857716430344
0.6449350022059043,0.14329308976754254,0.03548692475343196,0.5582478646135504,0.37638485186174053,-0.1441743365745481
-0.017549618168723132,-0.2667754142414808,-0.059003533796340796,-0.20943485805220893,-0.2536580760033463,-0.6628143930358955
0.07592687892404303,0.7317288117933055,0.23014277323125804,0.4460946770547252,0.4605384679177239,1.9303858892708414
-0.1820159364689938,-0.6071105287102964,-1.4571018419483523,-0.7270924839914129,-0.07021408895643512,-0.6628143930358955
-1.0709701301151382,-0.13907695209045354,-0.1361493790117077,-0.2733515495943352,-0.5009629425252786,1.6278458563350557
0.39385817554547836,0.05540934214606959,0.06117906711827556,0.24649561314562682,0.18044579108810535,-0.3170543553949974
0.8940015574111755,0.6960521881009377,0.6868768200481411,0.8701668320815311,0.8326039804033298,0.5473457387072483
-1.0316426471122817,-1.9321462953117545,-1.9289541637957102,-1.5134651817036429,-1.494687768477772,-0.6628143930358955
-0.7307142399654064,-0.6372239841734197,-0.15053132611760928,-0.6026223183483239,-0.7376501319061535,-0.3602743601001095
-0.012975293872111927,-0.658073442810353,-0.7873508536927213,-0.4604269075790978,-0.5314265436987287,-0.8356944118563449
0.5683645954022881,0.7179272254467987,0.6089128326943589,0.7548282574816033,1.562872058143857,0.2015857010663501
0.26876436312500074,0.5410924128265389,0.3336476706152079,0.4884094207493735,0.5052079645499279,1.4981858422197185
-0.5769543618003163,-0.5548060145549563,-0.1957448357487642,-0.6295969671576616,-0.7062595906648335,-0.38188436245266555
0.7669942727209532,0.7763852118557077,0.7985011583512118,0.8594347674378162,0.7559344745359218,2.362585936321964
0.5127816026819945,0.580243283773183,0.17020270510862687,0.4239881354470721,0.46070700247551855,-0.014514322459211313
-0.1820159364689938,0.16582799558503905,-0.6306964679349879,0.013868998185095209,-0.28795877792286284,-0.44671436951033416
0.5683645954022881,0.6225643059615725,0.6026528057261811,0.6481744750446817,0.5830199779428499,-0.6195943883307834
-0.30492388821427013,-0.6528004577041773,-0.4169704699762799,-0.6057276817093986,-0.7516051852323756,-0.878914416561457
-0.3658601010021541,-0.22616170234566796,0.2246339494992619,-0.24546774286468306,-0.3282424566440867,-0.878914416561457
-1.2488240008720768,-2.089795233363634,-2.393031656109522,-1.9902951706687129,-1.7839714578196761,-0.8356944118563449
-0.23862770192725563,0.019146389540651895,0.033116791770628755,-0.010244804063252028,0.09116166954018948,-0.3170543553949974
0.3807700252204292,0.4694827707645707,0.29901050753702224,0.43065899832938104,0.41971195114406856,-0.6628143930358955
0.28697161455757664,-0.02740613859988537,-0.3207941427776512,0.7548282574816033,0.09309393784234617,-0.44671436951033416
0.08597598505596941,1.0018634611471116,-0.6306964679349879,0.11972032094173936,0.02310506345774857,-0.5331543789205588
-1.7127937522642238,-1.8658951032483724,-1.886834718978927,-1.8237125434110453,-1.8470131809556487,-0.6628143930358955
-0.5572073279765578,-0.2758505932821134,-1.8703057685643347,-1.468051743287921,1.562872058143857,-0.4899343742154463
0.7300169838941113,1.0403763267341308,0.37813476919619377,0.3705545459885743,0.7237443739971582,-0.44671436951033416
0.9480582746033681,0.8815686437456142,1.167151047483975,0.9237671375400863,0.9553637684192334,0.11514569165612545
0.35190810996114935,0.05540934214606959,0.4182039002297368,0.370098855588416,0.14334271221921385,-0.44671436951033416
0.4707707562138015,-0.1552178914222486,0.19332141856536425,0.3436599208592636,0.4300944637858789,-0.6628143930358955
-0.03194118078104527,-0.143346221599713,0.4849519026314247,-0.5048044839144603,-0.20086168621795586,-1.4407744777279166
0.9904540666693554,0.9663716801290267,0.7638639952730273,0.7548282574816033,0.9504645080182276,0.3744657198867994
-1.4415849461822439,-0.20486703124594463,-1.516132036844322,-0.5947777748256085,-0.0468857706310097,-0.5547643812731149
0.10672477789153513,-0.29874922178126523,-0.10514675040296778,-0.06466757512209237,-0.1529978718042975,-0.6628143930358955
-0.4438937513061623,0.13099807059422838,0.15965858839747402,-0.22234312221667732,-0.028566456139571407,-0.6628143930358955
-1.0465857399670595,-0.7511347728674026,-0.2534238565070474,-0.45325811957661605,-0.6098441056772151,0.07192568695101333
0.5798791961784537,0.9619235306123958,1.0591042216225208,0.8884277912878524,0.9388748176136106,1.4981858422197185
-0.3883715394697305,0.2707272070187881,-0.692676932966455,-0.6900437430185873,-0.053883874187805283,0.028705682245900817
0.8497575762469997,0.7179272254467987,1.5386198081663691,1.8662682578663654,1.3179090380936054,-0.1873943412796606
-0.7823217126523272,-1.070872848265243,-1.1265401881867272,-0.8011877430570641,0.19107914586244656,1.4981858422197185
-0.0309664354953989,-0.6694899623919106,-0.5019060200368016,-0.3277432003331654,-0.33320442757822455,-0.7060343977410077
-1.542082760933048,-0.8969617299876834,-2.0252569311430033,-1.884841743432207,-1.254202672434039,-2.1755145577148256
-0.3790585573756948,-0.7691638900547826,-0.26505635018415297,-0.6044873146689697,-0.6153606728887469,-0.878914416561457
-0.3960727025694894,-0.7486801416551424,-0.4897727242022411,-0.6303771980379321,-0.6113687555140078,-0.44671436951033416
1.4688221341053658,0.9166827891925804,0.6089128326943589,1.4216922577124602,1.2689164340835544,-0.576374383625671
-0.5230979964104852,-0.44147956721838644,-0.1048021390173931,-0.44081221445230817,-0.5601401290569388,-0.23061434598477273
0.3657616491940962,0.4992961053264383,0.16265348446779368,0.22133705729691697,0.2890643538825478,1.5846258516299427
0.44776856838763224,0.07906920445436735,0.09978793839567789,0.13956619358860978,0.338056957892598,-0.5331543789205588
0.038683955123283514,-0.21739260687320344,-0.9952878762174903,0.16641858399790582,0.006635709693729887,-0.44671436951033416
0.2572317531980606,0.2573966713583584,0.618990856308475,0.40241953079960535,0.45555885964614257,0.3096357128291308
-0.9534356587320728,-1.1953276196159393,-0.7813040395242505,-1.3434037472447702,-1.0805924808640246,-0.7060343977410077
-1.0875813205603637,-1.8627726533419267,-2.116928518143145,-1.7240897304165572,-1.351033614703663,-0.8356944118563449
0.4433000478518175,0.27624863657964627,0.2645766403841407,0.013868998185095209,0.2019672621776408,-0.42942636762828923
-0.01609988153141148,0.26467907521400413,-0.15128005013518944,0.21024044033307626,0.1602804352775688,1.1956458092839328
0.2189578055154869,0.06796870621916551,-0.05495496982048536,0.2702204113938403,0.17668315910013407,-0.1441743365745481
-0.8594436496983991,-0.7543367249993472,-0.5159185635711158,-0.6447636774029126,-0.7960316785486897,0.4176857245919115
0.7068954854440622,0.9013945112292556,0.8568346928202274,0.9600178645926367,0.9900348544250647,0.8931057763481465
0.0015760999533303507,-0.6716663358149266,0.18042700262021774,-0.40562180116012503,-0.307628328580818,-0.878914416561457
1.2610235478988565,1.2530388172752072,0.22749496776511358,1.0968094540799909,1.4121257350132532,0.0546376850689684
0.34874075056876147,0.30587315335595455,0.12516274077956005,0.4295297752889902,0.3440320958776635,0.2015857010663501
-3.0536673242908225,-2.7348126892765463,-2.315293277648454,-2.6079912881625495,-2.972085218554926,0.7202257575276972
0.19317320389472414,-0.9383684765828425,-0.6306964679349879,-1.468051743287921,-0.3968321022581575,-2.607714604765948
-2.2270112854598496,-2.2470247971760102,-2.347079339335192,-2.1947623417794957,-2.3457676882987637,-0.878914416561457
-1.9447651210972168,-1.8264858500688588,-0.8657958094551477,-1.2285164172849976,-2.0102095046172863,-0.1441743365745481
0.5436808031225898,0.728823005451342,0.6170669826738979,0.7377676534756975,0.8279829979931017,1.0659857951685958
-0.397243297369803,1.0286437858062174,-0.9574153328646623,-0.5059514899948578,0.5349131602133016,3.5295260633599956
-0.36582858498829907,0.49454187224163926,-0.22344762439922888,0.3000025576441504,0.22439999570176264,1.8439458798606172
0.4075676415722326,0.36300742771031796,0.8155135563930488,0.43727428921167183,0.3730513950848964,-0.403494364805222
-1.6518012608801709,-1.7893106094258475,-1.5859914585905885,-1.8963140271161787,-1.7901993976414332,-1.0085744306767936
0.8448208177910598,0.526145994432856,0.7466483013058873,0.8458240731931053,0.7090818674690295,-0.1873943412796606
0.17825262247841397,0.20409837938428996,0.5173503313126724,0.6979936616219286,0.42156779098396935,0.4176857245919115
0.9904540666693554,1.711705044175711,0.7638639952730273,1.0326882575777938,1.4403905481187314,2.8812259927833113
-0.5572073279765578,0.22103831608234265,1.2287174830090324,-0.3566117429031589,-0.3968321022581575,0.6337857481174729
-2.0782511977784086,-2.5857122280213733,-2.2053349742454285,-2.399258410330289,-2.1181931232637585,-0.2911223525719298
0.14211951259410618,0.32468735502013074,0.6810481771165819,0.2125411211338725,0.2145877569706298,-0.5331543789205588
-1.3075878598478399,-0.9383684765828425,-1.0439003945509704,-1.097571002199667,-1.0500661691574424,-0.3602743601001095
-0.42418498692779905,-0.9534261980922226,-0.7997345506060086,-0.6092109346706047,-0.7976797897475876,-0.23061434598477273
1.2500492216459125,1.8656710416313813,1.7437652305461215,2.101079963867654,1.7422810143245007,3.659186077475333
0.010938607211995644,-0.4556766771367471,-0.22929858029819922,-0.17666516108086452,-0.34084139469131175,-0.4164603662167554
0.005578633712865156,0.7179272254467987,1.2287174830090324,0.7548282574816033,0.09309393784234617,-0.6628143930358955
0.7351158247070184,0.2946514142268685,0.402312108995668,0.6313339361588512,0.6374566401104963,-0.1873943412796606
0.15450530603896676,0.10062225778696016,0.3879252034525643,0.374028907429777,0.25549266191070086,0.8498857716430344
-0.6339510728563745,-0.8179106796190737,-1.1800689970065035,-1.1017811369211246,-0.9201612997727134,-0.878914416561457
0.03303133292407561,0.015010286259102163,-0.16206465105066495,-0.4650438293406959,-0.09809675975063437,-0.6628143930358955
0.5497093663442069,0.44340206568984897,0.6294581172429902,0.5030648685944471,0.4530955115165167,-0.3170543553949974
-0.6348335212443029,-0.16162378324177468,0.1957089060783765,-0.16498392667682066,-0.5094582600606218,2.1464859127964027
0.5802753974954824,0.33145895707694983,0.3793545447480129,0.49313970939101087,0.4482256466779184,-0.878914416561457
-2.9076671389655058,-3.290066169934952,-3.0050961859510648,-3.0167122339040415,-2.929316634958313,-0.2738343506898849
0.7821602288165603,1.095451493448087,0.8686085019576059,1.1584232419413207,1.0866306321954406,1.4981858422197185
0.4732447633013891,0.4799810396416225,0.5478050526105347,0.21476177825464168,0.4795142833028964,0.2015857010663501
0.2705157530377781,0.37213825830879915,0.6089128326943589,0.10648751629715866,0.1890743685063553,-0.6195943883307834
-3.183542566241814,-2.2634062307399376,-1.0439003945509704,-2.5794917436726834,-2.6831542759618947,-2.607714604765948
1.0173282219119482,0.835171144944799,0.5114150819812596,0.8422452363918655,0.7096305846339421,-0.014514322459211313
-0.8528117799258507,-0.9283313206136801,-0.518003586414774,-0.6485047844442074,-0.6244752569387765,-0.014514322459211313
-0.5572073279765578,-0.44147956721838644,0.402312108995668,-0.1713724837990319,-0.7234501155598799,-0.05773432716432344
-0.9624132203929427,-1.1106239610143995,-1.0273714441363793,-0.9345605431032348,-1.2199078496270035,-0.878914416561457
0.3304074350807665,-0.5159572520652055,-0.5017448708277192,-0.0004285659798538625,-0.2587317500746279,-0.7492544024461202
-0.2647162079673312,0.5565257823513988,0.03368701204891759,-0.0033227557408555927,0.20108147589713887,1.4981858422197185
1.1744423044087093,1.227556366447359,1.0221167593103424,1.0113152663703946,1.1608818631289124,-0.23061434598477273
0.13545162452000958,-0.047836222997314645,0.12063072917645876,-0.12223572138202195,0.006024281995684282,-0.6195943883307834
0.4644653022990336,0.6720604040011849,0.5135571268527471,0.6009360521483288,0.6583941193602322,0.6337857481174729
-0.2378960801770601,0.2527537413892576,-0.1691403409386565,0.07298649180556054,-0.014621201334150867,1.2820858186941573
-2.5176407095078086,-3.4941106192320097,-3.96368605812774,-3.3229050624900403,-3.17416207275894,-1.0085744306767936
-2.4214358260727713,-1.983906219222431,-0.28205635213298413,-1.7806442433961354,-1.9890917325847943,-2.607714604765948
-0.6987457461976007,-1.174416546754246,-0.9795696302855096,-0.8357957617890442,-0.9483653620492192,-0.878914416561457
-0.23229973657402,-0.4909975283700105,-0.5156805585853946,-0.39098635923505914,-0.528151878046696,-0.6195943883307834
0.21292023771848262,0.6133181971361185,0.6741559494050816,0.4428448264936,0.42830721359159224,0.6337857481174729
-2.851642922051247,-3.0533323930686254,-3.697933657821617,-3.3489505474590566,-3.072582767308662,-1.8297545200739274
-1.9078936360311733,-0.0770950295363308,-1.1265401881867272,-1.0234757431340158,-0.7887729343385608,-0.4899343742154463
0.21557433631381,0.2729512817771036,0.6829199871605318,0.24058052946357955,0.17352999510604686,0.6337857481174729
0.2027338118119038,0.5596820207036817,0.6878685074886445,0.4150254832839693,0.4165901424165487,-1.3111144636125798
0.8448208177910598,0.12514670679755288,0.1957089060783765,0.5793385500608519,0.27359248953617393,-0.6628143930358955
-1.176271885834923,-1.1702506301381346,-0.13485274768324873,-1.1901917431917306,-1.0337359543888127,-0.4899343742154463
0.9435559869098532,1.3331233965752938,0.1661962878489932,0.5166622255591536,0.8863077132149861,0.3744657198867994
-0.6398760834610402,-0.3151525184572043,-0.7077332275318996,-0.4005669720383754,-0.363617076443504,0.8066657669379222
0.1225930908673298,0.07836759731434553,0.06888447853098785,0.2266186201787462,0.2095121231951884,0.6337857481174729
-1.0617742075011334,-0.3215425098316312,-0.26023922844190783,-0.7909669408135256,-0.7234501155598799,2.751565978667975
0.1441095237546402,-0.12296185098194548,-0.48766538839117174,-0.3566117429031589,-0.14810057110745237,-0.7060343977410077
-0.43515706203689614,-0.7906990553866384,-0.7053705322049002,-0.611038142031237,-0.6211359210494511,-0.6628143930358955
0.8297043868600823,0.9064031514356486,1.0320906557432044,1.0486574275033214,0.9704554501584892,0.6337857481174729
0.2881196979194226,0.555677096094204,0.7910585441102345,0.3919097541559669,0.45903929423501655,0.677005752822585
0.022633299495900993,-0.45653728872776655,-0.21749254131900547,-0.019812079586564744,-0.36713866481974605,-0.05773432716432344
0.49463738327712653,0.17330319233751773,0.34637597891406996,0.38596577303390955,0.39261120230986934,-0.3170543553949974
-4.215316078957807,-3.2571840494688495,-2.800012744036345,-3.6909317440574454,-4.071277403011935,-2.607714604765948
-3.183542566241814,-1.9321462953117545,-3.109915069193682,-2.209011002584429,-2.356536262660172,-0.23061434598477273
-1.6966755623214391,-2.2634062307399376,-2.8497508276147965,-2.3050616474176797,-2.0299182493584498,-1.0301844330293497
0.7681108400689451,0.6200937743042122,0.8353175545799035,0.7260352928316357,0.7784828306055069,-0.3170543553949974
0.7415293335264298,0.9472613326748694,1.1174699859333528,0.6622075164895398,0.7840150754503222,-0.1873943412796606
1.0867197309882544,0.37794987099272526,1.4570659122779646,1.2081779649985462,0.7119469549515373,-0.7924744071512323
0.1226246068811848,-0.1314546762208027,-0.13626590228596666,-0.23945040670259993,-0.03392428731411011,-0.6628143930358955
1.0842524773322089,1.069889540394742,1.3578426254183882,1.0095325166097768,0.9300502697793191,2.0600459033861784
1.5331395649510786,1.711705044175711,1.8485221333237059,1.8662682578663654,1.8428295153864083,1.15242580457882
0.5683645954022881,1.2148161348112547,0.6089128326943589,0.7548282574816033,0.5830199779428499,-0.6628143930358955
1.0799888108864497,0.7856849846833736,0.86246995670089,0.6790480553753693,0.6052900560216591,0.0546376850689684
0.18402230415765364,0.1286289042743785,0.5465555264355006,0.2787384875567892,0.32162679821178763,-0.4899343742154463
0.7658889610921947,1.3075495181881238,0.9024126475857677,1.2161225381212954,1.2953920372905858,3.0108860068986485
0.21461309789124408,0.5475658815377391,0.2429330619951514,0.3843475163933492,0.34038900584347603,1.0659857951685958
-0.07969244405846995,0.3866672900186157,0.026673302625957365,0.43486913305083863,0.1821722904534198,0.8931057763481465
-0.10697855862501904,-0.0770950295363308,-0.8786183280608575,-0.13432374282620624,-0.3968321022581575,-0.3170543553949974
0.21726944763041858,0.24079263156303626,0.677148366256803,0.32996698005452346,0.19047947638936413,-0.1441743365745481
1.6939365187811342,1.711705044175711,0.6089128326943589,0.7548282574816033,1.562872058143857,2.708345973962863
0.4745661847394356,1.132000654065299,0.29901050753702224,0.3843475163933492,0.41971195114406856,-0.23061434598477273
-1.1239282891101134,-1.6449007794750745,-0.6827079949707943,-1.4991409429786837,-1.4109456902954731,-0.576374383625671
-1.232550482003865,-0.2758505932821134,-0.6306964679349879,-0.8011877430570641,-0.5928025182983592,-1.8513645224264834
0.9852426686641107,0.8528842407858224,1.0221167593103424,0.7136627427473525,0.9096379912445731,-0.1441743365745481
0.09733750805055505,0.4208731225392648,0.3731168307472461,0.12058279838203806,0.24752646449866628,0.11514569165612545
0.028090072180441596,-0.11684614228548731,0.3114066005433154,-0.0009509427800346679,-0.004891270177754216,-1.0734044377344623
0.04726756661097074,-0.09181685414298123,-0.24045010556666055,0.17852661136209688,-0.10650585030291994,-0.23061434598477273
1.1936828308669456,0.6075065844521915,0.7466483013058873,0.3843475163933492,0.8007646669092785,0.46090572929702367
0.23308823544158463,-0.21241775511264666,0.13416974195793344,0.11634154334056927,0.12436493712988154,-0.23061434598477273
1.2718470475140669,1.2680548001162009,0.9630865644143728,1.0525363531046654,1.3704016737341345,-0.44671436951033416
0.05917836870416605,-0.02740613859988537,-0.1879799230896222,-0.11844571098070926,-0.09354436698602121,-0.5331543789205588
-0.11436005929853758,-0.3491615829697449,-0.06677588411128652,0.039681080754030824,-0.055490831599335017,-0.014514322459211313
0.1711029896211119,-0.15243928864108255,-0.2012883685411784,-0.04424597655502311,-0.10223565493740408,-0.44671436951033416
0.31360489740856673,0.81198829598949,-0.02364491810518931,-0.004427527101238472,0.4580182883674471,-0.6628143930358955
0.2613896158830224,0.6275828839461532,0.15814626505070623,0.5527484594916469,0.538481781489393,1.4981858422197185
0.5027797705708495,0.794613084606834,1.122326775173217,0.8563449642367471,0.7388713304113009,1.71428586574528
1.1780486368512133,1.007778426724185,0.7122144341530058,0.801137516537634,1.0729460180433534,-0.23061434598477273
0.760927440053941,0.8413902065344037,0.9093470220134887,0.8906462255286206,0.8264857840145541,0.28802571047657477
-0.28639247206776075,-0.8213074122034891,-0.5934139786092595,-0.5822429545012683,-0.5294433230884014,-0.7924744071512323
-0.5572073279765578,0.7179272254467987,0.6089128326943589,0.7548282574816033,1.562872058143857,5.8201863127309466
-2.3065036769765577,-2.573566275520869,-2.3993115168265096,-2.912216867947867,-2.543768357849141,-1.0950144400870183
1.3321461865933193,1.1438325727750869,1.5828912147290461,1.3502422258477262,1.2479201637090087,1.9303858892708414
0.34614968400114304,0.4463794240347612,0.4564012212193288,0.5210924254006877,0.412000515272887,1.15242580457882
-2.3393636237076794,-2.8577251174525764,-3.2132166706523275,-2.8736965804145322,-2.6399251618875863,-0.9653544259716816
-4.335912105972464,-3.3281676115050183,-1.7817629554389818,-2.8970457119426145,-3.476368051334535,1.9303858892708414
-2.414401001551654,-1.691983984970813,-1.901296001080069,-1.8014837434033495,-2.087076940604895,1.2820858186941573
0.06885153381368334,-0.022995752640366077,0.15414480622827467,0.1826678368035309,0.10758790981267939,-0.014514322459211313
-0.17029197931507953,-0.3586660740280684,-0.20458077084364995,-0.4608092429392303,-0.2845567315004055,-0.6628143930358955
0.9367327699103306,0.9347516574927107,0.6314514089984011,0.8558692679165811,0.7968060645052666,0.4176857245919115
1.6939365187811342,2.705482862904623,1.8485221333237059,2.9777082582511274,1.562872058143857,-0.6628143930358955
-0.5572073279765578,-1.7665173213754815,-0.010891817620314496,-0.3566117429031589,-0.8867581423586611,-0.23061434598477273
1.0875211381977001,0.8759041101788585,1.2631786215665273,1.0411752134207315,0.9398174353147634,-0.014514322459211313
-0.05830432637042466,-0.3456833606041939,-0.09464973884523775,-0.12230907642204673,-0.04726399353396707,-0.43807036856931186
-1.5738531540423395,-1.2375711271344685,-1.0305696361320031,-1.3246404171582749,-1.6295487296841578,-0.6628143930358955
0.3537202807577887,0.08006099471745887,-0.20980696365510382,0.23270931138085413,0.12727509780807802,-0.576374383625671
0.7773990595806681,0.526269222882378,0.6531842392570361,0.4849061618681607,0.5410254774895952,-0.878914416561457
0.45546522919969595,0.3765983331592539,0.3979164544156362,0.055532438039518794,0.3507146870646346,-0.33866435774755344
0.020008465770581522,0.4376302041186714,0.22749496776511358,0.6408345252821405,0.6583941193602322,5.8201863127309466
-1.6827792513554038,-1.9321462953117545,-1.8703057685643347,-2.9499724847609374,-1.376684182459165,0.0
-0.6054470894687283,-0.6449675009369557,-0.2233955608086018,-0.16607980651720022,-0.6487932258652049,-0.014514322459211313
0.05917836870416605,0.09090112316415443,0.1661962878489932,0.3975803210379299,0.2447378054784143,1.0659857951685958
0.6398901888453209,0.3722654618695957,0.22749496776511358,0.37567383863034637,0.4814308739717694,-0.7492544024461202
-2.194403466839564,-0.9985973750647269,-2.546455620029815,-1.6701315412778774,-1.5548389279771515,-0.878914416561457
0.5908760338698646,0.5324226951359479,0.4601597166188372,0.6585041984082574,0.5438258947348095,0.5041257340021361
0.6276056968735626,1.0840568369785426,-0.043513375975675846,0.5793385500608519,0.7377327422941083,2.9676660021935364
0.005578633712865156,0.5522982515105257,-0.7339980693936337,-0.3566117429031589,0.25640196464112747,-0.23061434598477273
0.20970785544915924,-0.03667013542607634,0.10046228585521982,0.09926760205465894,0.12132739568125768,-0.403494364805222
0.33375713712474225,0.9452141503682877,0.5204419169084425,0.9098719146552765,0.9080486711704859,2.362585936321964
0.720469882840011,0.9059400509721216,1.0779537206478895,0.9050238133735977,0.8478445996587761,0.7202257575276972
1.6939365187811342,1.380445108747527,1.4353182067077224,1.1253089985698583,1.236254044842134,-0.10095433186943596
-2.78642503366683,-3.37334077603316,-3.8746102130031153,-3.3661600844250152,-3.1518704379343676,-1.0950144400870183
0.005578633712865156,0.7179272254467987,-0.010891817620314496,0.7548282574816033,0.5830199779428499,0.4176857245919115
-0.5283454127172771,0.2082980844462384,-0.3128482471606173,-0.1571216001140986,0.1307810085510373,1.4117458328094943
-1.1460817957060554,-1.3617675162522955,-0.9549658648866188,-1.225153199843834,-1.2112126422673002,-0.6628143930358955
-0.5572073279765578,-1.2341366309929416,-1.3833153379376903,-0.8527896793949276,-0.7467784338853053,-0.6628143930358955
-1.7317168674400698,-1.7449125915963146,-1.7625143022188097,-1.6613467195148364,-1.8027062295931195,-0.44671436951033416
1.37234486226487,1.4987523705115675,0.7860009381636667,0.9929942894040519,1.2129257265167095,0.8498857716430344
0.11813582605074936,-0.2758505932821134,-0.3827746078091183,-0.5788997429801115,-0.20086168621795586,-0.44671436951033416
0.09590127827632383,-0.09181685414298123,-0.3552280099305328,-0.301726612804159,-0.04602154109627171,-0.576374383625671
0.28697161455757664,0.3866672900186157,0.1957089060783765,0.3534739360626607,0.2836202957249507,-0.3170543553949974
0.28697161455757664,-0.2758505932821134,0.6089128326943589,0.47696825738541276,0.5830199779428499,0.28802571047657477
0.03684477060048233,0.3590621297699635,-0.5273948664763422,-0.3874853232338464,0.17474893109381673,-0.05773432716432344
-0.8602450569078449,-0.7727395026465694,-0.6545341547860907,-0.4207329394053569,-0.6794821930171004,-0.878914416561457
0.8497575762469997,1.2148161348112547,1.2287174830090324,0.7548282574816033,1.0729460180433534,-0.23061434598477273
0.6696368036363762,0.32201806779902514,0.3414596884277738,0.5612954330946058,0.6281970379525975,0.11514569165612545
0.44106015972429435,-0.29810724131036576,1.2308000266340902,0.234578753461502,-0.06326497800364948,-1.0950144400870183
-0.39641037414650226,0.15005475404617388,0.07765099550503855,0.43727428921167183,-0.2568523937848016,-0.4899343742154463
0.5683645954022881,-0.2758505932821134,0.6089128326943589,0.7548282574816033,0.5830199779428499,1.4981858422197185
1.3324050681356947,1.5500452188474407,1.4640721840451212,1.712613900693172,1.6482132549210449,2.0600459033861784
1.6939365187811342,1.711705044175711,0.6089128326943589,0.7548282574816033,1.562872058143857,-0.014514322459211313
0.2114750033688641,0.396768047768176,0.18563088246425938,0.5244067394818352,0.4874256089984399,-0.014514322459211313
-1.6051530580876587,0.032562390093491836,0.05322573384543797,-2.387863927446345,-2.1200195675412528,-2.607714604765948
1.0045912500269945,1.4882242882999523,0.9054695241211198,1.4993330103793379,1.4409764996626915,2.8812259927833113
0.9929821012092638,1.3963137529569911,0.4530344423588201,0.9811085500399382,1.1462879462463986,0.2015857010663501
0.836966576909722,0.9739005408837172,0.9892472790948537,0.8937582575296985,0.8539647557517125,0.4176857245919115
1.5443840284656334,1.8437463153945841,1.3630812143228488,1.5320582497506665,1.5423147615012403,1.4981858422197185
0.3792865214254164,0.8377311166058442,0.9102420199285427,0.6845385689772704,0.7514918252042908,1.15242580457882
0.3939797373132033,0.2630294040349139,0.35575238366402967,0.3399943917379946,0.327705800517355,-0.23061434598477273
-0.5754348397037544,-0.02640043544733148,0.20240031708317316,-0.3026157648044667,-0.3055902362540005,0.2015857010663501
-2.664046100725542,-2.773035371740498,-3.4595493516547906,-3.1494604046699965,-2.6831542759618947,-0.6628143930358955
-0.12153670588200154,-0.6437431666642817,-0.20432541132771984,-0.23473790110096826,-0.3600994074755824,-0.2738343506898849
0.5683645954022881,-0.02740613859988537,0.6089128326943589,0.7548282574816033,1.562872058143857,3.8752861010008943
0.11473884998599204,0.13965188783971927,0.31236853736060394,0.24461950242497768,0.17967562735306764,0.4176857245919115
0.5683645954022881,0.7179272254467987,0.6089128326943589,0.47696825738541276,1.3179090380936054,-0.6628143930358955
0.5027054828239061,0.2790093513600753,0.6192437366058035,0.5695889983774763,0.5340273739327996,0.2015857010663501
0.5139004211738324,0.7431155180403025,0.9230992475946705,0.7471459841989441,0.7026795139769976,1.5846258516299427
-0.712459714512049,-0.8070069493919795,-0.5665789164692355,-0.91233174309554,-0.9036527519254873,-1.2678944589074674
0.675318690705593,0.497586807478224,0.18823158277697993,0.37764331031102805,0.45000897746388374,-0.6628143930358955
0.21231693116755118,-0.38739619076752096,-0.30182068282221863,-0.050398908397153386,-0.21685875127931778,-0.7060343977410077
-0.024570935826761085,-0.7150646131588179,-0.27652273621497525,-0.3466888065797237,-0.5718062479238117,-0.9869644283242377
-0.6778033549912137,-1.2696284120110255,-1.2505011182496615,-0.7138596793468323,-1.131721162408913,-0.7924744071512323
0.6165795943121437,0.8324243430538315,0.9092032273346153,0.6858767427377331,0.701701621600956,0.677005752822585
-0.26259563046368495,0.25105239376359334,0.47580110677417803,-0.18504764156376635,-0.07459794716325452,0.24480570577146224
1.2515349765847723,1.3106342045374588,1.3547683943528293,1.2385202770090487,1.2386644809594294,0.3096357128291308
0.28543408331024117,0.17487932395802233,0.6156860579129976,0.007793867142991885,0.26711174787772457,-1.0517944353819062
0.7527265230202022,0.1096676234930311,0.3524426268313491,0.5440369927686305,0.32116234832577184,-0.7492544024461202
0.13064318126333585,0.15202640923853225,0.1957089060783765,0.07561393596647016,0.16113878569982476,-0.23061434598477273
1.6939365187811342,2.705482862904623,0.6089128326943589,0.7548282574816033,0.5830199779428499,-0.6628143930358955
0.3807700252204292,0.5522982515105257,0.1957089060783765,0.10648751629715866,0.5013649846913792,1.9303858892708414
-0.014285459590925089,-0.6967453128483699,-0.4119426146529269,-0.47429323302389853,-0.45447092102390196,-0.878914416561457
0.9667405173876102,0.7402594005892753,0.6228410827962306,0.7048756981043104,0.8142219553787585,-0.576374383625671
-0.11580754479200317,-0.5031852195389019,-0.006840774425857455,-0.26217490895046647,-0.21751329246889217,-0.7060343977410077
0.23892995372392062,0.4189849446836798,0.15539681162191027,0.3301314731745807,0.37589688552580014,0.28802571047657477
-0.5139155806595607,-0.3140732757460648,-0.24927860300574256,-0.8268353325059425,-0.660637677810675,-0.576374383625671
0.41073725210846757,0.7498851325414838,0.7465045066270141,0.7490643296396078,0.7944407015836614,0.9363257810532586
1.7805200134151284,1.5369750529755182,1.221907069511374,1.6708504312387145,1.7190016886030859,0.2015857010663501
0.518301407394244,0.053376072728950244,0.45681277150713806,0.35593688710351407,0.2944750970694178,-0.6628143930358955
-0.9323987194841219,-0.9383684765828425,-0.6306964679349879,-0.7270924839914129,0.25640196464112747,-2.607714604765948
-0.39641037414650226,0.008085642418198577,0.7860009381636667,-0.1978336473281921,-0.3968321022581575,-0.44671436951033416
0.34980779275212376,0.34807492220609665,0.1957089060783765,0.5210301847606663,0.49740246287904605,0.5041257340021361
-1.1199932896659808,0.7179272254467987,-1.2505011182496615,-0.3566117429031589,0.09309393784234617,-0.23061434598477273
0.6292062601486091,-0.007262262214250313,-0.16165557998145735,0.24416603490482047,0.05337073451099731,-0.5331543789205588
-0.5572073279765578,-1.0071220011937836,-0.7476412093563604,-1.1534942172590261,-0.6741478782924865,-0.44671436951033416
0.4251265635769426,0.2893466282304935,0.1239751950695574,0.32264925909199005,0.4767981333365799,-0.23061434598477273
0.9060361724159427,1.016060571065473,1.6006002731978373,0.9771162575585549,0.5830199779428499,0.2015857010663501
-1.6566029507053055,-2.3327401215970163,-2.706320593876178,-2.2951698314142557,-1.8552165025710912,-1.2678944589074674
-0.6510057386394104,-0.7727395026465694,-0.6306964679349879,-0.6344717429993494,-0.5601401290569388,1.0659857951685958
0.005578633712865156,0.11061767508773546,0.5400450983885947,-0.3360300969760336,-0.1790874132917289,-0.6628143930358955
1.722577821943433,1.7976807383852231,1.1419770618067941,1.3289314752803494,1.5479116765833474,-0.1441743365745481
1.018593364753827,0.5191716617010161,0.36099097256848933,0.7548282574816033,1.170931226063454,0.8498857716430344
0.4296491115650792,-0.4193183218607313,-0.1549319391348431,0.08170240428857799,-0.15876920055668137,-0.7492544024461202
1.6939365187811342,1.380445108747527,1.8485221333237059,0.7548282574816033,1.562872058143857,-0.576374383625671
0.8008762387585026,0.5499648611921506,1.1065019228413837,0.762655017964313,0.7440292717614794,0.4176857245919115
-0.7656474901793926,-0.8647553784383166,-1.0898105646090794,-1.097571002199667,-0.9049030431798237,-1.0950144400870183
0.12248503596268531,0.13222240486690232,0.33943168761194364,0.17494555168085713,0.24693463384222483,0.2015857010663501
-1.4467715816051738,-1.8626891760051532,-0.9106076856728987,-1.369455900853789,-1.5347245244747856,-0.44671436951033416
-3.1708236035076336,-2.027594679689391,-1.996366596782536,-2.485301649400076,-2.5226133514376015,1.2820858186941573
1.318745127273569,0.8283478664414059,0.9532490250045772,1.1253089985698583,1.018509355875707,-0.6628143930358955
0.9874803056477887,0.5628004954988529,0.16144362579037988,0.39157632215585125,0.4810506913646514,-0.6628143930358955
-2.415949788518223,-2.5186878768150205,-2.9620718263448222,-2.385754414325615,-2.4733993008574253,-0.878914416561457
-1.9972775536105336,-2.1221347511407105,-2.040447103512916,-2.0455648590078463,-2.149999121787083,-0.7924744071512323
-0.07769117717870155,0.39976528166946296,0.22469840918289372,0.46704532106197755,0.3580537791453399,1.5846258516299427
0.7618233953049498,0.857676237427734,0.647650623339026,0.5811657574214842,0.9351552991171663,1.71428586574528
1.0064034208236337,0.9079395319434047,0.6970069072528842,0.8262916266263437,0.87316201770701,-0.014514322459211313
-0.9403812755647247,-1.2484847951397489,-1.1581898928503946,-0.9005082443714467,-1.3349875570382912,-0.7492544024461202
0.6873285431280445,0.3381908080210196,0.6794589979931753,0.5289258545233996,0.5033580038225083,-0.5331543789205588
0.8968379986580908,0.5787208161548902,0.9369035367664795,0.6942836749006438,0.567769560166601,-0.4899343742154463
-2.8083511747342498,-0.2758505932821134,0.6089128326943589,-2.5794917436726834,-2.356536262660172,-0.6628143930358955
0.27336795229161986,-0.08366986358504146,0.3691922277014533,0.1976945056087326,0.07065532520574318,-0.6628143930358955
0.29383535214634054,0.06348875581233605,0.39727185757930916,0.23977140114329887,0.3679306881137664,-0.44671436951033416
-0.0827922691354547,-0.793272939937146,-0.08772776051052371,-0.3198697593704399,-0.6478682455014956,-0.23061434598477273
0.5683645954022881,0.7179272254467987,1.2287174830090324,0.7548282574816033,1.0729460180433534,-0.014514322459211313
-0.43782916978299713,-0.9233127426290992,0.3084017875985905,-0.6765708673339236,-0.9758364949697348,-1.3111144636125798
0.4075676415722326,0.859896337074774,0.07765099550503855,1.0723822257515356,1.0029571436587568,0.6337857481174729
1.395990877231213,1.3317321076290747,1.8120627445735946,1.7028221142897837,1.303499333402169,2.4490259457321883
0.999206513945549,1.114170292441665,0.8422048238542006,0.7229210379505576,0.939329468978823,-0.44671436951033416
0.2613896158830224,-0.004819556335814797,0.15814626505070623,0.5527484594916469,0.2267104869068767,-0.014514322459211313
-0.669764520314442,-1.0770839596322992,-0.7469098398689892,-0.8567597430763021,-0.8500136893511238,-0.576374383625671
0.7390710844457706,0.421308397223868,0.4827206058902916,0.48389475146781036,0.5484135621743105,-0.014514322459211313
-0.7425147360101112,-1.4029397312822345,-1.0539784181650875,-0.9665477863143085,-1.0420999717454078,-1.0950144400870183
0.7415293335264298,0.6414818605188959,0.6089128326943589,0.49834124859281204,0.3568995133948637,0.2015857010663501
-0.08951868694956716,0.25544886683365026,0.028597176260534384,0.0005272724204763847,0.12430810570922979,0.6337857481174729
-3.2077468648821528,-2.90455391582672,-2.1902043031219467,-2.6153445752050946,-2.641008878288289,1.0659857951685958
0.22579903166578305,0.13462337207695155,0.29901050753702224,0.22327096289758727,0.2528529404066394,-0.2911223525719298
0.30352427526278636,0.2794963024912526,0.39015897941229793,0.1337289107065885,0.29482784381828986,-0.878914416561457
0.2747366477504489,0.9339665730159146,0.016057288575367895,0.9481232337085187,0.7108260041717873,2.5786859598475256
-0.26656664820936576,-0.3831607097040986,-0.2640522666506438,-0.4401008928520612,-0.3462286214282571,-0.5331543789205588
-1.5096145132312622,-0.42873933558228133,0.32284819438812495,-1.1260705466895324,-1.225937859328561,-0.05773432716432344
-1.8122695477086,-1.3311889727700066,-0.9488273196299019,-1.1041284982019366,-1.5587798930437198,0.9795457857583715
0.0635118206091745,0.49505863670737815,0.7593071914839132,0.06017825724112694,-0.02218369968914192,-0.9653544259716816
1.2115479084348144,0.5759581138188234,0.7860009381636667,1.3899361940214663,1.1429348924279503,-0.5331543789205588
0.8184914393593825,1.490865749742134,0.47117736408283056,1.2488010970126093,0.9096379912445731,-1.0085744306767936
0.7168432901028854,0.7827692405632232,0.8832086203004178,0.7516762136405117,0.851262323714518,0.9795457857583715
0.0681109074881005,-0.570302985860215,-0.49296099932345955,-0.29486458224178286,-0.2335240754593762,-1.181454449497243
0.9480762837541427,1.5680266346995229,0.4894318506438989,1.19672568723458,1.303152465765778,1.2820858186941573
0.17977439571882195,0.12639290418223836,0.22522400352636138,-0.06552116104238773,0.11642421587193226,-0.7924744071512323
-1.4400091454895143,-2.2374249034470886,-2.161978399346616,-1.9039096080788078,-1.7481304284300834,-0.6628143930358955
-0.4659437052851539,-0.23556284051084328,-0.27891518216518957,-0.25147618750676287,-0.42331554428182994,-0.33866435774755344
-2.443051309289339,-3.0034189083451475,-2.9138658998619484,-2.7332994795659284,-2.756870507659577,-0.8097624090332772
0.3271702902291283,0.678492134043998,0.15635626922059717,0.525482613402208,0.6296805340020221,1.4981858422197185
-0.5572073279765578,0.7179272254467987,-0.6306964679349879,-0.3566117429031589,-0.3968321022581575,0.07192568695101333
0.34325021072651873,0.3452605434234567,-0.5377257703877867,-0.4121837429223968,0.06859763583732063,-1.5704344918432536
1.128068741165499,1.1087104771055696,1.1272157942549,1.2942278727083336,1.3092510651129488,1.0659857951685958
-1.5702220590175195,-0.6733617207736786,-1.0025792581237918,-1.1346197431724925,-0.7887729343385608,-2.3051745718301624
0.19605917030626702,0.39686146288313634,0.49448697737186514,0.46414446266097353,0.3116754204852659,0.15836569636123798
1.0067455946883406,0.6672326313577994,0.9090296820325272,0.6783322880151221,0.6972707304942873,-0.44671436951033416
-0.4285702151412832,-0.3641855160332888,0.0028827209282785444,-0.4518777110961387,-0.4777090929579485,-0.576374383625671
0.7430218418968308,0.08396455398942619,0.266951731804146,0.486548870188729,0.34650328282393034,-0.6628143930358955
-0.6047672440270073,-0.5557878670398608,-0.3862653475996908,-0.30182219664419163,-0.4761864028253165,0.6337857481174729
0.8497575762469997,0.8421494527879128,0.9188151578516957,0.615898257433508,0.7055014879679757,0.2015857010663501
0.07487109245991405,0.025566194249640357,0.29621890739200446,0.04057023275433854,0.08279569247943357,1.109205799873708
-0.3582107142108709,-0.4954695285542907,-0.13759228423764047,-0.4548608160571708,-0.3751773712857152,-0.5331543789205588
1.131150557091711,-0.02740613859988537,-0.010891817620314496,-0.07875174280696834,0.5830199779428499,-1.0950144400870183
0.2613896158830224,-0.06504845481769918,0.12058114480443437,0.07000116396452735,0.05845224739891987,-1.0517944353819062
0.9173796862597547,1.3111132054460861,1.5890694274833832,1.1856179558707358,1.2742331114707248,1.0659857951685958
-1.495184681173545,-1.1868129312650706,-0.9405987930923246,-1.0049524840876034,-1.0500661691574424,-0.44671436951033416
0.9119611830206075,0.822536253757479,1.065612170450825,0.9186189474583051,0.9646468870270568,1.15242580457882
0.525072848085291,0.4503724233104134,0.5135571268527471,0.4128470608832147,0.6583941193602322,0.07192568695101333
-0.03694322240854124,-0.4481060777136703,-0.0026285820223191946,-0.09974462153423524,-0.2705409273452102,-0.3602743601001095
-1.6184618205096901,0.06487408209164361,-0.8963273865296487,-1.0711098386705067,-0.6907877263184595,-0.23061434598477273
-0.6437908226105522,0.18281563361839123,-0.05856967054112043,-0.7840893500911449,-0.3968321022581575,-0.5331543789205588
-2.5182034954694976,-2.8552565733508537,-2.889539806946398,-2.8314174027998953,-2.831219723801069,-1.0085744306767936
1.275581695155838,1.298363036031795,1.37681360615522,1.108915258564182,1.216022059090144,1.0659857951685958
-1.0283762373906364,-1.3620735998204636,-1.0631192971479277,-1.2871204256252853,-1.0804494224603152,-0.878914416561457
-0.27748019357844694,-0.222927949323524,-0.16859243362777881,-0.37634202578998893,-0.29247001690010876,0.4176857245919115
0.26950498945058354,0.38552643308271434,0.36099097256848933,0.46355539946076924,0.22486640529193824,0.2015857010663501
0.07484407873375219,-0.875939354010292,-0.7498898606277026,-0.489128734149034,-0.4458247062682077,-0.6628143930358955
-0.0748187176302391,0.21315169531291006,-0.09943463074566754,0.33142296645502767,0.17863698414805473,0.3312457151816869
0.24307205840195492,0.5514495652533317,0.7880388558538999,0.47909999930615055,0.49656174979423356,0.8498857716430344
0.5683645954022881,0.4694827707645707,0.29901050753702224,0.7548282574816033,1.3179090380936054,2.362585936321964
-1.1769044572558622,-1.615775139163768,-1.480317244930538,-1.5055161628208904,-1.3546649465128882,-1.0950144400870183
-0.9189976601643736,-1.1205617392016884,-0.763510687623017,-0.8567597430763021,-1.0757304548420672,-0.44671436951033416
0.13545162452000958,-0.046516486054042655,0.32284819438812495,0.4128470608832147,0.3568995133948637,-0.1873943412796606
-0.2758143471318463,0.22103831608234265,-0.4757453053563196,-0.3566117429031589,-0.15186908220790565,0.6337857481174729
0.5147648604109872,1.0373552421651946,0.22522400352636138,0.6489769347249591,0.8513132760226869,2.66512596925775
0.3670853217759898,0.2748195840763138,0.10723551107385847,0.26840876419321263,0.39627192968150027,-0.014514322459211313
0.7839453858870388,0.6442783513007989,0.6530577991083718,0.7077609963453099,0.7603183327427411,-0.1441743365745481
-3.230440646001317,-2.8845173674455076,-2.1802080937216717,-3.5520017440093503,-2.9689438127858017,-2.5861046024133922
2.069127910288699,1.380445108747527,2.2617260599396896,2.2367489989546203,1.8894900714455805,-0.8356944118563449
-0.775446719344329,-1.1152172020925648,-0.7525178323450363,-0.8894538621276196,-1.0969128971118527,-0.7060343977410077
-2.8083511747342498,-2.5839790795055104,-1.8303184517446338,-2.328521922945801,-2.482968536272668,0.677005752822585
-0.7072843348083525,-0.2758505932821134,-0.13485274768324873,-0.8011877430570641,-0.7887729343385608,-0.23061434598477273
0.21662336934639878,0.034704975070671634,-0.7081720492243221,-0.4260767429272065,-0.2743505922330316,-0.23061434598477273
0.5683645954022881,0.18281563361839123,0.48971944000164436,0.24185646258402094,0.24384026097295006,0.6337857481174729
0.19666472800104548,-0.3682957810915515,0.038114896470765776,-0.17051000635873317,-0.06413900605918911,-0.6628143930358955
-0.2108778517282736,0.2592609985462941,0.32284819438812495,0.24185646258402094,0.2815273316816412,0.2015857010663501
-4.806815380412625,-3.7642134676956154,-3.944754744888528,-4.371404215653014,-4.43622135057864,1.4981858422197185
0.4980163501911103,0.22103831608234265,0.1182333247890423,0.1991082572892222,0.11350817608125376,-0.7492544024461202
0.5855993526930647,0.7236334976819399,0.8829309478170776,0.6442155257633106,0.676785942905605,0.2015857010663501
1.007873417755566,1.5508084402122253,0.40821512848526537,0.8871429666474078,1.3995640313450768,2.8639379909012668
0.5012422393235141,0.8212562679269555,0.5520494748558894,0.7463301872386611,0.7148649544463764,0.9363257810532586
0.13233153914840418,-0.32956825949568586,-0.2733319818751552,-0.10628655737650027,-0.29090225357178734,-0.5331543789205588
0.11813582605074936,0.3204160979552335,0.6089128326943589,0.08796425725074639,-0.3968321022581575,-0.014514322459211313
0.5362047544075083,0.6043523336555464,0.25473910097434627,0.310252257327698,0.5550236443073471,-0.576374383625671
1.5379952822285359,1.713469993581773,1.2232136177142372,1.4181378725912304,1.4584472622526756,1.15242580457882
-3.129942831250513,-2.689311578068225,-3.4640888009136943,-3.8497098396324114,-2.9164511771452735,-0.9653544259716816
1.1162840031277228,1.182939717497706,1.3012222310028438,0.9058173815338728,1.0267263954202726,0.28802571047657477
-0.3696127577946989,-0.7727395026465694,-0.424095744236297,-0.91233174309554,-0.2335240754593762,-0.8356944118563449
1.7976084463558655,1.9209211132414334,1.0493013912731433,1.7785222927159887,1.7691563971802542,1.2820858186941573
-1.0483663947498447,-0.36619493478275883,-0.6757736205430733,-0.4374445512511415,-0.5393555067317148,1.9303858892708414
-0.10801183365068129,0.12074824617185824,0.6146001601656464,-0.04051376103373062,-0.07321047661769002,-0.1441743365745481
-0.9323987194841219,-1.2696284120110255,-0.6306964679349879,-0.7270924839914129,-0.7234501155598799,0.4176857245919115
0.6558192827049776,0.047306077812153825,0.7105781498761732,0.2750707355555192,0.3687204488904083,-0.7492544024461202
-1.1199932896659808,-0.6071105287102964,-0.6306964679349879,-0.91233174309554,-1.2133761556603835,-0.7492544024461202
-2.2455652130448267,-1.7665173213754815,-1.3124815832811285,-1.6903397433648737,-2.1115732426099205,0.28802571047657477
0.7036088154277964,0.8103724132562368,0.7338356995745817,0.7289806088326554,0.8488714846388276,0.8498857716430344
-0.07761688943175915,-0.26720870137044717,0.15618520313711062,-0.07633547224613173,-0.10713687504256969,0.28802571047657477
0.9210783155999768,0.2095899956105856,0.249026981317046,0.5858071308630912,0.39337156752410546,-0.6628143930358955
0.3873681278352765,0.19357228472831337,0.17287034432358084,0.3917941643959265,0.40576081722616686,-0.576374383625671
-2.632480561706305,-3.0087395947866216,-3.2648662317723502,-3.2046767438891117,-2.9383234352795204,-1.1382344447921307
0.39553977999900647,0.7453157421309669,0.37465642549862715,0.49665852843222924,0.822195991607435,-0.23061434598477273
0.6146751266177864,0.9348391099407588,0.9754355522672421,1.0292005588565867,1.031947047303582,1.4981858422197185
-1.0574610158907456,-0.5242950479643415,-0.5101791725092011,-0.5881624839433177,-0.5601401290569388,-0.7708644047986762
-0.4303306096294478,-0.617155634902008,-0.5816674408764965,-0.5412419328870748,-0.6790961312975012,-0.5331543789205588
0.8472227882755501,1.0357572474326793,0.8266824361917192,0.814906035262402,1.0067393726883322,-0.014514322459211313
-0.6155457207652832,-0.6151899423765629,-1.2467227891013435,-0.7598466208027518,-0.6806305796550964,-0.4899343742154463
0.8372727324728819,0.43980458998605054,0.08852980672736184,0.5727499337385711,0.649904680937371,-0.9653544259716816
0.9835002833267206,0.6546355037275918,0.6348355423891188,0.6977780422618534,0.7637145000527173,-0.23061434598477273
0.1858885024066157,0.38988315504002274,0.3200714695547146,0.2152952694548259,0.16444284691426314,0.8498857716430344
0.7291615492323438,0.4995147364465583,0.7860009381636667,0.5349832025254962,0.5937885523042585,-0.576374383625671
0.11813582605074936,-0.32553948421855883,0.17504957747408798,0.4213962573661748,-0.10287647819785548,-1.0517944353819062
-4.3841518674646345,-3.4559396132146323,-3.977641579634225,-3.8020757440959216,-3.532358758901381,-2.8022046259389537
-0.4446501356386736,-0.7727395026465694,-0.07287228265178163,-0.4677557429416347,-0.2988468942380571,-0.6628143930358955
-1.0074360973280967,-0.474606157027896,0.8568346928202274,0.08796425725074639,-1.768625014539568,0.6337857481174729
-0.01318014796216652,-0.04396843972682127,-0.11419341907896023,-0.0417030018341427,-0.13553886743927582,-0.7060343977410077
0.8838669078130713,0.7329849469561797,0.6746493139067328,0.49380879627124225,0.7166365270073803,0.11514569165612545
0.20083159526139358,0.33258391356775024,0.3179839674924548,0.5733678943787845,0.17308122285331473,0.677005752822585
-0.6234179707973956,-0.10047862161102215,-0.047351206370424566,-0.552747559771058,-0.22391760566508562,-0.6628143930358955
1.1843225747521282,1.0154106403720236,0.8535869164525804,0.9866813102018666,1.1311511913114543,-0.4899343742154463
-0.15521832011719044,-1.0211839573287975,0.3432819140996982,-0.15813967915445118,-0.7817748307817652,-1.2678944589074674
-0.4094039764299884,-0.004819556335814797,0.2457940802610042,-0.13207863402542913,-0.2978572436370541,0.6337857481174729
0.9196420858257446,0.8577120134292079,0.8636451063178857,1.0113152663703946,0.8888200539486211,0.4176857245919115
0.4258401761763656,0.298475471273337,0.11789863027787184,0.29293157636170236,0.29033620188264897,0.11514569165612545
0.7965202754150275,1.0626150867616462,0.8378488367717901,0.8399378869510661,0.7551564719842413,0.6337857481174729
-0.7823217126523272,-1.0311217355160864,-0.13485274768324873,-0.8901029430878452,-0.5928025182983592,-0.05773432716432344
0.21231693116755118,0.7027164621533342,0.4507981871804849,0.35221578598222597,0.5130311035582522,-0.014514322459211313
0.24677293888602503,0.12639290418223836,0.3432819140996982,-0.1978336473281921,0.23307364631570204,-0.1873943412796606
-0.26927027196932174,-0.29896189023447295,-0.37124376209466425,-0.04644218199578338,-0.2828949023723846,-0.576374383625671
0.19317320389472414,0.3866672900186157,-1.4571018419483523,0.013868998185095209,-0.3968321022581575,-0.6628143930358955
-0.0339154339346518,-0.1189390383717308,0.2609520227891003,0.29660377412297356,-0.0014539490804090175,-0.44671436951033416
-1.5104429341668688,-0.551635863313211,0.1818699078461505,-0.7820443004904364,-1.240723827218794,0.5905657434123608
0.4879672440591839,0.6824354444287147,0.9365242163204868,0.5960501619066365,0.5760218743860542,0.8498857716430344
0.25929380096169097,0.09885333326962258,0.2939305886230432,0.3722017000691447,0.305931527591128,-0.014514322459211313
-1.9476195714949056,-0.8604264822599339,-0.5577776904347667,-1.925702723606352,-1.6072374978179804,-0.23061434598477273
0.8385018570132114,0.8504315971291991,0.9725323872851674,1.1919953985929426,0.9684291160566323,0.8498857716430344
-0.9089485540324472,-0.617461718470177,-0.5532208866456537,-0.8775992430835161,-1.07048040739635,-0.6628143930358955
0.38861526152637965,0.25693555845046817,0.3591067664315325,0.4505559972162694,0.43026691775199405,0.28802571047657477
1.0729314749268637,1.266218298707189,1.16459993154328,1.444687951320421,1.3263553630249385,0.6337857481174729
0.7421461469404416,0.6801596932238252,1.047635356373098,0.7125890917069808,0.6202582763988097,0.4176857245919115
0.13308567233706745,0.31420498658817814,0.30385242146528013,0.3293556880543113,0.26533429620423954,-0.05773432716432344
-0.05502891207339225,0.6567721260378593,0.2656352667268775,-0.13432374282620624,0.025258778330030308,-0.1441743365745481
-0.5572073279765578,1.711705044175711,-1.8703057685643347,-0.3566117429031589,-0.3968321022581575,-0.6628143930358955
-0.31844876044559034,0.08552279760919292,0.5713477124480871,0.08122893084841404,-0.15929244156750874,1.0659857951685958
0.3586998109468169,0.1528373319386145,0.426618368162408,0.16641858399790582,0.29482784381828986,-0.7924744071512323
-0.6083690741818203,-0.004819556335814797,-0.2926203025929476,-0.45765275333813765,0.004015585231272547,-0.23061434598477273
0.7322028445693126,0.23767415676786507,0.24262315966999481,0.38273148263278994,0.4518021067706516,-0.3170543553949974
-0.6207481141951406,-1.0291977816590274,-0.5107345174758836,-0.6075815636300409,-0.8235420055524127,-0.014514322459211313
0.9117585800744009,1.5516909149152562,0.45133617761695727,1.1315886345720314,1.2556296398760287,3.4430860539497714
1.4569743640398796,1.5547934892653272,1.065612170450825,1.0473125851028573,1.4081592937925986,0.07192568695101333
0.3660723070449482,0.008085642418198577,-0.0023236381343646893,0.23752184658252057,0.19920603901563394,-0.3170543553949974
1.1103072162145813,0.7542438420544273,1.2308595278805199,1.1999533089956984,1.1056084072847738,-0.6628143930358955
-2.2455652130448267,-1.0211839573287975,-1.2505011182496615,-2.023771743480302,-1.6216472025094166,-2.607714604765948
-0.5974060036481095,-0.8673849145466738,-0.5273948664763422,-0.8726377749217991,-0.7817748307817652,-0.576374383625671
0.9435559869098532,0.05540934214606959,-0.21749254131900547,0.013868998185095209,0.5830199779428499,0.677005752822585
0.8265325251800012,0.7092932837576816,0.8399264219596447,0.7973163858163121,0.8648019197587343,0.07192568695101333
0.22620648870204618,0.25900659142469923,0.31857154230095375,0.33757589829715695,0.3697963264744688,0.15836569636123798
-0.1302666417197275,-0.15591154833972126,-0.2032444720175719,-0.5290761106428635,-0.12652814770974716,-0.5331543789205588
-1.1227126714328644,-1.372846151375485,-1.1097732327864138,-1.145894190536395,-1.3861515132580666,-0.576374383625671
0.16637558754292076,-0.2758505932821134,-0.45360836246568026,0.11972032094173936,-0.18686351940020404,-1.0085744306767936
-1.0213616731641397,-0.7676175717688405,-1.0779772542252715,-0.7576459696019904,-0.9120128498737621,-0.6628143930358955
0.8552751298154022,0.5035832628364347,0.9248917226433802,0.6894489108989695,0.5445940987656874,-0.44671436951033416
0.10894665686828464,0.8193323140698975,0.1282468887195254,0.32386072869240895,0.5830199779428499,-0.23061434598477273
-0.9323987194841219,-0.9383684765828425,-0.6306964679349879,0.3843475163933492,-0.3968321022581575,-0.6714583939769179
-3.67417486535496,-3.6648873622692983,-2.9192061367290596,-3.434444735168654,-3.6378809891223876,1.757505870450392
-0.22257704629987413,-0.6250164174481545,-0.32916894321270335,-0.8372339651495427,-0.3968321022581575,-1.0085744306767936
-0.3355034262286262,0.22103831608234265,-0.3489679829623548,-0.7439307999972423,0.13763213429580307,-0.23061434598477273
0.2729019655153409,0.5688605526374615,0.8103493440466274,0.21300125729403194,0.4605384679177239,0.4176857245919115
0.4771910184647551,0.486679102139856,0.8407693562840716,0.6206040943951374,0.5613730857870494,0.07192568695101333
1.2437077494295954,0.3204160979552335,-0.6306964679349879,0.08796425725074639,0.5830199779428499,-0.44671436951033416
-5.1244315168955135,-4.2318515207436045,-3.8012352592802636,-4.396269351341622,-4.59889051382113,1.4981858422197185
-0.14032925471473431,-0.37575507739893094,0.24162155535508612,-0.4330610318896243,-0.3449881286947224,-1.181454449497243
-1.7171272041692331,-0.695757497696553,-0.7179922341039076,-1.1732333916658595,-1.2432773217397979,-0.4899343742154463
0.9232236556859369,1.0606096431234517,0.6821910968917612,1.083332132635327,0.9981303923116855,0.4176857245919115
-0.07340950158216876,-0.3891770406186832,-0.44584344980653823,-0.2786153294361578,-0.25930986280194634,-0.7060343977410077
-3.0717822788256814,-3.003452696790984,-2.556047716798085,-2.863264604570921,-2.6275594286354496,0.6337857481174729
-2.259995045102543,-0.6835539060825624,-1.8385197068775967,-1.525048609387652,-1.326435408082297,-0.5547643812731149
0.5790327660920724,0.5860509213458345,0.42678943424589566,0.5493963564504857,0.4344175711637252,0.6337857481174729
0.005578633712865156,0.4694827707645707,-0.6306964679349879,-0.07875174280696834,0.5830199779428499,0.6337857481174729
-1.2934169093324999,-1.9077808507521588,-1.6854725841846958,-1.5586452177192827,-1.5286298445359354,-0.7060343977410077
0.005578633712865156,0.3452605434234567,0.29901050753702224,0.33803825733731746,0.399297712905161,2.362585936321964
0.9843377088377155,0.4154729338722917,0.7167042990398853,1.0206069047736108,0.5617179937192797,-0.7492544024461202
0.6551777067086518,0.12060315461032384,0.275931461577905,0.49766104731257627,0.395388103105159,-0.10095433186943596
0.7595002148550971,0.1366606166053455,0.9831335260241495,0.8596815071179026,0.6199956760413157,-0.014514322459211313
1.131150557091711,0.22103831608234265,-0.21749254131900547,0.5695889983774763,0.9096379912445731,-0.576374383625671
0.41350390789613256,0.5178380118682817,0.6109928971008151,0.47323826474412134,0.43505643472001676,0.5689557410598044
0.3086163626441522,-0.008295791145728091,0.2433867589991824,-0.12862427850423316,0.11821930488286078,-1.0085744306767936
0.19189455418976598,-0.1435728029423831,-0.019353390706410692,0.028408856270128464,-0.02228168489716179,-0.5331543789205588
-0.10697855862501904,-0.0770950295363308,0.36099097256848933,0.310252257327698,0.19107914586244656,-1.0950144400870183
0.15906612347249854,-0.14830716047080741,0.24432142441185659,0.07132155468498441,0.10095431122971905,-0.7924744071512323
-0.17714446118461005,-0.4436320899737532,-0.4375107960877079,-0.11122801961821062,-0.2568523937848016,-0.576374383625671
0.9597574691749675,1.3006427623479582,0.9610734389101512,0.7497756512398537,1.019499006476709,-0.014514322459211313
1.180088173176377,1.1500039330293927,0.7436534052355666,0.9481232337085187,1.0942480022669228,-0.44671436951033416
-0.8735268056037153,-1.4278875296436049,-1.1155076654111253,-0.9995286568857259,-1.0783682166419681,-0.44671436951033416
0.31608115564000044,0.20390359893181834,0.5020510733243058,0.17994480880258767,0.3127160233944395,-0.6628143930358955
-0.2969188206951995,0.4260049911951806,0.5314372514050247,0.28941275732048394,0.14208654185239636,1.0659857951685958
-0.02658120728191478,0.06487408209164361,0.5557856572879866,0.3896401936751809,-0.018889436995506045,1.2820858186941573
0.3673689659006809,-0.16937525022786068,0.07765099550503855,0.3975803210379299,0.30306252070029965,-0.44671436951033416
0.07569050882013342,0.5539697858016283,0.7591683552422431,0.36563753542687183,0.4312585280571577,-1.3111144636125798
0.811082924959703,0.22103831608234265,0.5824744455305367,0.652111195526044,0.64571287373827,-0.014514322459211313
0.7559591655841461,-0.2758505932821134,0.09240978383833125,0.29172899828128573,0.338056957892598,-0.6628143930358955
0.585419261185325,0.3490249738008019,0.5995215526327907,0.40118805527917867,0.4382683898389156,-0.5331543789205588
1.0025944854349191,1.0760907139836104,0.741052704922846,0.7661115963655091,0.9660069217143762,0.6337857481174729
0.05917836870416605,-0.149656710748641,-0.04040691506829938,-0.09198232457154894,-0.21796990353826526,-0.23061434598477273
0.05907481608721472,0.6347977109101256,0.3873847337974892,0.5646586505357694,0.4377196726740029,0.6337857481174729
0.8685163579220323,0.5854228537643983,1.0772099550675114,0.8783225788043554,0.6265685237953038,-0.23061434598477273
0.3547940763726922,0.5191716617010161,0.25927855023325014,0.6009360521483288,0.4121749289431628,-0.6628143930358955
-0.024199497092045132,-0.4467386394350997,-0.6569315591735071,-0.1743111311600493,-0.267221188497489,-0.3170543553949974
0.413112208866797,0.23817303323286698,0.43793104263995164,0.10329546061605364,0.3127160233944395,-0.7492544024461202
1.7257766973496749,1.5655203270406879,1.6398760542789756,1.8552650018625563,1.6668167265157412,0.6337857481174729
0.28697161455757664,-0.2758505932821134,0.29901050753702224,0.1991082572892222,0.09309393784234617,-0.9221344212665691
0.5016767100859381,0.3459780510085786,0.4584391389095643,0.6038524707093383,0.5348778855384138,0.5041257340021361
0.1711029896211119,0.737413220916435,0.34154646107881786,0.2971772771631723,0.14112628681379918,1.4981858422197185
-0.8386003088212693,-0.7727395026465694,-0.010891817620314496,-1.468051743287921,-1.6216472025094166,-0.6628143930358955
1.6939365187811342,1.711705044175711,1.2287174830090324,1.4216922577124602,1.562872058143857,0.8498857716430344
0.7559591655841461,0.26244506267750173,0.4539616701156906,0.5232775164414445,0.17474893109381673,-0.7060343977410077
-0.8252015006453671,-0.3168638038610555,-0.7251423005499384,-0.7553186142411851,-0.7016758426336529,-0.878914416561457
0.5683645954022881,0.15005475404617388,0.7860009381636667,0.9929942894040519,0.7229996864162057,-0.7492544024461202
-0.32024517323530316,-0.1189390383717308,-0.17399713017852295,-0.23961712270265725,-0.035833039166342166,-0.6628143930358955
0.4433000478518175,-0.11022161934584034,-0.424095744236297,0.6930810968202272,0.36527528897642125,-0.7924744071512323
-1.6827792513554038,-0.2758505932821134,0.6089128326943589,-0.3566117429031589,-2.356536262660172,0.2015857010663501
-0.09435639507624885,0.2535447885329652,0.4235515747526517,-0.06576790072247309,-0.030532039412454363,-0.44671436951033416
1.0811256385290613,1.1043954938166476,0.8843812906988141,1.0882602575970328,1.0620579017281593,1.71428586574528
-0.23561567146029472,-0.1338814816541381,-0.8077845734042957,-0.5153898384781257,-0.5368118107315134,-1.1382344447921307
-0.8073341719336522,-0.31265813613219473,0.1957089060783765,-0.5624348708144112,-0.6145767912245861,0.2015857010663501
-0.12429435709427929,0.1675273556550656,-0.27470546898025183,0.11076211453863873,0.0905815971087112,0.28802571047657477
-0.2228314255545573,-0.36732784149611014,0.2354730932239639,-0.045037321835297114,-0.3845329989474741,-0.44671436951033416
1.2392662426199434,1.1789944195573516,1.0896804246318441,1.3425532839250638,1.3592450779489642,1.0659857951685958
-2.9838435955959395,-3.7594155083867924,-4.320961292317927,-3.805318926017044,-3.6720366729340346,-1.0085744306767936
-0.07619416652060837,-0.012541209987338278,0.12154556084032338,0.013868998185095209,0.013533868338344916,0.8498857716430344
0.38333858034957985,0.6770869322083157,0.5749500170757164,0.48077382794673,0.7172459950012653,2.362585936321964
0.686846798344839,0.7119486580893257,0.8549703204320823,0.8567806487168976,0.8394021941357642,-0.23061434598477273
0.6434019732462619,-0.5739839389007868,-0.05221295404749311,-0.09727500185338062,0.12575632708376652,0.0
-0.7823217126523272,-0.4249172660914506,-0.692676932966455,-0.24546774286468306,-0.5928025182983592,0.5905657434123608
-0.6788906574691977,-0.32956825949568586,-0.6977023090712065,-0.8672739654799416,-0.4497970266013426,-0.6628143930358955
-0.8386003088212693,-2.0149617760577097,-0.9405987930923246,-2.301631743576493,-2.356536262660172,-1.4407744777279166
-0.9197720536476586,-0.5004066167577358,-0.05856967054112043,-0.5650067429753017,-0.5711321096926332,0.4176857245919115
0.49155781849476243,0.6562792122397697,0.6042990068774168,0.816882175583086,0.8298074825664351,0.8498857716430344
-1.1199932896659808,-1.0211839573287975,-0.6306964679349879,-1.468051743287921,-1.376684182459165,-0.7492544024461202
0.005578633712865156,0.4694827707645707,-0.3207941427776512,0.1991082572892222,0.5830199779428499,1.0659857951685958
-0.0892057779548671,0.2968794640964586,0.054351299090409304,0.1698596022390973,0.3096921998749395,0.028705682245900817
0.09468566059907471,-0.13092399886560144,0.33516495239917776,-0.06485874280215861,0.1665828438574219,-0.1873943412796606
1.0499247848129993,0.9996691997233568,1.1520402101093028,1.2131549933202679,1.0577935854751255,1.9303858892708414
-2.9407724603759244,-2.633638157107394,-2.0161433235647763,-2.8628000226507604,-2.673547806167604,-2.607714604765948
-2.0847682592147714,-1.8020091023935656,-1.471860630281645,-1.3886638069404382,-1.9365990969442661,0.28802571047657477
-0.21953575096290423,-0.23168313190652526,-0.31390687350335417,-0.121973421541931,-0.32062116716428324,0.2015857010663501
0.5005016129979313,0.2365332998319637,0.3846997400523262,0.4706130434632128,0.35078915582272985,-0.3170543553949974
-0.47904311132943744,-0.6071105287102964,-0.8114736506829678,-0.5958803233059893,-0.6826216390820647,-0.7924744071512323
0.5800885525562014,0.8628538198633116,0.7509522247976729,0.5117007573974366,0.6748811104616943,1.0659857951685958
-1.2606897800883365,-1.1454061846699115,-1.8703057685643347,-1.7459117433841116,-1.4175106992328201,-1.3111144636125798
1.318745127273569,1.0491871608749825,0.6089128326943589,0.3843475163933492,1.236254044842134,-0.403494364805222
-0.48685908276538,-1.0832950709993545,-0.16584298019898286,-0.703936743023397,-0.3968321022581575,-0.3170543553949974
-0.04558311249239728,-0.3210217702546177,-0.1517560601066305,0.1738474489604775,-0.018252533143375136,-0.05773432716432344
1.0019866765962955,0.9989536796938726,0.5733509210779044,1.041797619820947,1.0568823230405382,1.2820858186941573
0.1462751241352209,-0.11022161934584034,-0.7081720492243221,-0.21768174285506361,-0.2335240754593762,-1.181454449497243
0.7704790433957334,0.7056202809396599,1.107825825574456,0.9492435652289072,0.9197500647122476,-0.10095433186943596
0.9435559869098532,0.9072180492470073,0.8450286538410348,1.2311603213265025,1.1895954484871225,-0.6628143930358955
0.5683645954022881,0.7943725903747015,1.0856864034652152,0.5838376591824095,0.7337663010734538,0.2015857010663501
-0.4037198382169245,-0.7200394649193755,-0.7339980693936337,-0.44081221445230817,-0.6046802852145555,-0.5331543789205588
-1.6224801122761523,-2.127354072244674,-2.3277811017429944,-1.9311510024882386,-1.8666102225596686,-0.878914416561457
0.5437438351502988,0.7598527240633335,0.752241418470327,0.6072156881505019,0.6197644309503872,0.2015857010663501
-0.6183799108683514,-0.7727395026465694,-0.7519624873783549,-0.7552808252811717,-0.6737461389396036,-0.44671436951033416
0.34709741556062756,0.27200123018239836,0.5824248611585112,0.20385855185086632,0.15171848780077227,-0.5331543789205588
0.5683645954022881,0.47804913556201356,0.5234219376671558,0.17994480880258767,0.177563066268154,-0.44671436951033416
0.5126825523527363,0.17363113901769822,0.38770951143425436,0.3149647629293297,0.4843429943541275,-0.44671436951033416
-2.7151515683346346,-2.143139239117365,-1.641332576207886,-2.1051825006284854,-2.2566795371668875,-0.7060343977410077
-0.7847169297052773,-1.7665173213754815,-1.5801851286264417,-1.17245538366559,-1.0639663507671735,-0.6628143930358955
-0.08864299199317799,-0.32081705202395916,-0.24366813131109494,-0.37169842946838183,-0.11307477864858753,-0.4899343742154463
0.005578633712865156,0.22103831608234265,0.6089128326943589,0.7548282574816033,0.09309393784234617,-0.576374383625671
-1.1190320512434149,-1.271327772081052,-1.262155924894178,-1.3749575288556934,-1.3163860451477556,-0.576374383625671
-0.2557138837241465,-0.1338814816541381,-0.3207941427776512,-0.11844571098070926,-0.204361717848434,-0.23061434598477273
1.3664311073794386,1.5369392769740442,1.5126078466019626,1.6170611809800932,1.5652217434321787,0.7634457622328101
-1.7269196799026283,-2.0977772568036643,-2.3503494286702526,-1.7677048589116557,-1.8105724820929727,-0.6195943883307834
-0.5509018740617899,-1.144362717960246,-0.8963273865296487,-0.8562929382761404,-0.8524496016225028,-0.6628143930358955
0.656298776344338,0.6558161117762417,0.7638639952730273,0.7200957574695794,0.843292206894163,0.4176857245919115
-0.4645142289424629,-0.32261578987585837,-0.10568474083944016,-0.4219910894857926,-0.4083590821296425,-0.5331543789205588
-0.06588617884630465,-0.1338814816541381,-0.04040691506829938,-0.3918955171553736,-0.13242685723255757,-0.576374383625671
-1.6827792513554038,-2.218235053767433,-2.0956890523861613,-1.9227307330453234,-1.7329936734951379,-0.23061434598477273
0.8951428873414812,0.06075189169955627,0.37898514117642546,0.48593090954851553,0.2985473623147332,-0.23061434598477273
0.7855797163197853,0.9620129706160815,0.9009499086110254,1.0974518664002142,1.066806264908814,1.9303858892708414
0.31823775144519384,0.78417841751018,0.5262730390586033,-0.023179742787730426,0.25640196464112747,-0.014514322459211313
-0.1858068627069338,-0.42976888940248453,-0.3969656550827238,-0.1283353041041332,-0.1526941176594345,0.11514569165612545
0.23784040010208957,-0.055011298848536734,0.48101738271122657,0.08443654668952465,0.04643338178317399,-0.7492544024461202
0.8933419722640752,0.69924817756597,1.209144052152094,0.9353327821840918,0.9108647660489839,-0.403494364805222
-0.5572073279765578,-0.7727395026465694,-1.2505011182496615,-0.91233174309554,0.09309393784234617,-1.2678944589074674
0.6133874723374411,0.7874916727578228,0.3114066005433154,0.8882010575277739,0.808385956389082,1.4981858422197185
-2.4214358260727713,-2.3255173444104944,-1.9090435592090018,-2.023771743480302,-1.9890917325847943,-0.2738343506898849
0.07592687892404303,0.3245561763480587,0.3764860888263564,0.29172899828128573,0.25640196464112747,0.6337857481174729
0.3464198212627538,0.0390795850287161,0.45177995774658297,0.3086873498071567,0.2794030123717661,-0.10095433186943596
0.30277914664950933,0.4387770237214851,0.44177383147190247,0.41765070456487785,0.5499911240234344,0.3312457151816869
1.4125435379364226,1.2148161348112547,0.9188151578516957,1.0326882575777938,1.562872058143857,0.11514569165612545
-1.0395959383228766,-0.5597868289824254,-1.693217663095027,-2.261937775402752,-1.236704473985809,-2.1755145577148256
0.4075676415722326,-0.5597868289824254,-0.8077845734042957,0.11972032094173936,0.02310506345774857,-0.6628143930358955
0.28697161455757664,0.22103831608234265,0.36099097256848933,0.4491822573757933,0.4237940149101865,1.2820858186941573
-1.0903727389303437,-1.6357580235427687,-1.7398195351428871,-1.468051743287921,-1.4282557571443042,-0.6628143930358955
0.22203511915400392,0.3611868267464063,0.004999973613753247,-0.014630546304770304,0.3066507390179951,-0.9653544259716816
0.7862167900284168,0.3973543766812259,0.5289381990549558,0.43215277368989863,0.48819577273347764,-0.3170543553949974
1.3812774010488054,1.0491871608749825,0.7466483013058873,1.1870539363512322,1.2906907070097822,-0.014514322459211313
-0.08100486092112918,-0.12296185098194548,-0.10624752346192637,-0.14287293930916636,-0.05765238528825772,0.11514569165612545
-0.5572073279765578,-0.2758505932821134,0.6089128326943589,-0.3566117429031589,-1.376684182459165,0.4176857245919115
0.28697161455757664,1.2148161348112547,-0.010891817620314496,1.0326882575777938,0.8279829979931017,-0.6628143930358955
0.9119611830206075,0.6865457094869775,0.8307384378233794,0.602736584948952,0.7583625479906598,-0.44671436951033416
0.5389376430374712,0.19180932287788813,0.32534228830099077,0.03566211371263946,0.16033922640238124,-1.354334468317692
0.9597507157434263,1.0432284690738827,0.9849582309146756,1.4011684066653551,1.19630939494066,1.238865813989045
0.720656727779292,0.9098376475771757,0.910809760988231,0.9065753836141365,1.0205180526401179,1.71428586574528
1.6939365187811342,0.22103831608234265,1.2287174830090324,1.8662682578663654,1.0729460180433534,-0.7492544024461202
0.6573433070892336,0.14640758945143914,0.1691688709519017,0.39240323351613765,0.4087376078458176,-0.3170543553949974
0.39519985727814655,0.3357043759185592,0.7042685385359708,0.8403246680712008,0.3568995133948637,-0.8573044142089009
2.3865954712777024,1.7881504091036136,1.3717485625528496,1.6952776595671717,2.391977815214261,1.1956458092839328
-0.2177483427485787,-0.10233301102077001,-0.23717009935719593,-0.3566117429031589,-0.28795877792286284,-0.44671436951033416
0.7994355066965783,0.8249213205224281,0.47658206063357467,0.8826038456858376,0.902187196026724,1.0659857951685958
0.5143641568062643,1.0740176934537433,0.7074121877223658,0.9881150678023639,1.0501762154036434,2.9244459974884243
0.14261251309654605,0.06656946705039557,-0.20357172887293754,-0.1404522229883276,-0.06521292393908897,-0.403494364805222
-2.09710002520731,-2.6414075120942164,-2.3342097155760584,-2.1703729024110534,-2.110070149518892,-0.403494364805222
-0.6183799108683514,-0.8537542579849875,-0.3679538390107943,-0.441176766772434,-0.5725666131380478,-0.44671436951033416
-0.7180042818066135,-0.9856921763107135,-1.1619583051243083,-0.9917196794430228,-0.9567470167432588,-0.4899343742154463
0.36371535943739336,0.17586713910983837,0.15814626505070623,0.8558692679165811,1.0284078215898975,0.3312457151816869
-0.47958113470881275,0.032562390093491836,-0.3207941427776512,-0.07875174280696834,-0.11808182277841485,0.4176857245919115
0.12885577304901033,0.5191716617010161,0.30196077767251955,0.37376216182968486,0.30306252070029965,0.8498857716430344
1.1600552440840792,1.2733615736682118,0.9160062031764689,1.0402438267004093,1.213558710960519,1.1956458092839328
0.5387440446666509,-0.014330010061050565,0.021729740735046854,0.3014785499646614,0.338056957892598,-0.7060343977410077
-1.2572095117012496,-0.32852479278602026,-0.297796911032376,-0.3958855867567549,-0.4833922350231141,2.794785983373087
-0.9930670461542422,0.35424628246040346,0.12625607618271492,-0.1461472415502995,-0.16959068693042134,4.955786218628702
0.4572571397017156,0.22743625767931955,0.23649701050628374,0.46385104250087145,0.49050234453027036,-0.014514322459211313
0.20442892312851235,0.4363561809550611,0.07588083342374013,0.21392819825435308,0.27599900624514717,0.3744657198867994
0.8468558518285293,1.0150369799121821,0.5961324608048709,0.9037834463331686,0.9971838552022113,2.4922459504373013
1.003245066006633,0.06293820290076008,0.29901050753702224,0.4264488636079234,0.31578687981378967,-0.7060343977410077
-0.47534673313306147,-0.811888386037576,-0.5104915540529604,-0.5654268672954477,-0.6462495298650035,-0.014514322459211313
-0.8073341719336522,-1.214418091513722,-1.3882365868611897,-1.2004836775952936,-1.1407945926715746,-0.878914416561457
1.2887306263647502,0.7974294509451118,1.0551721809209231,1.2883194576662895,1.2885134756875758,0.6337857481174729
0.3585805003229391,-0.03007741337662871,0.6414947235521012,0.2528886160278402,0.1463586969220729,-0.576374383625671
-0.9652699219344777,-0.7111908672214131,-0.34232863554818416,-0.7494768855991626,-0.8142314510863433,0.3744657198867994
1.6370883832189618,1.822125685170318,0.4649173371146526,1.5126280556639409,1.8350534092779323,3.0108860068986485
0.3906435421323089,0.40410212807039575,0.6524082438348415,0.0918631887720962,0.20483234966014782,-0.23061434598477273
-1.5116090266794895,-1.3520622820745891,-1.3104833330885144,-1.3195189016365017,-1.3405609556704747,-0.7924744071512323
-0.11290356922968571,-0.2235460791267733,-0.23924024688924675,-0.0933760703320308,-0.010049211527932691,-0.2738343506898849
-0.26100407176402773,-0.6942827314135597,-0.10875649268639964,-0.06412741528190588,-0.4484036769432969,-1.0950144400870183
0.2578620734751529,0.08396455398942619,0.480677729762854,0.37157262502892685,0.1606704164054885,-0.403494364805222
-0.006228615763378812,-0.6650219373189049,-0.743389349455202,-0.48874195302890033,-0.5270230884503051,-0.6195943883307834
-0.09864032181662871,-0.6439160840047409,-0.12566972198418672,-0.06845980840340514,-0.3605403409116727,-0.23061434598477273
0.5436200222387279,0.9039286446670137,1.021380431385767,0.9060574525739559,0.882856674188518,1.3685258281043815
1.0108539322086738,0.2039552753783924,0.2883573052074131,0.5903551433446655,0.5756965634954273,-0.6195943883307834
-0.49869109482393875,-0.436922102141695,-0.06964929847014513,-0.5197577976796373,-0.564635690400901,-0.403494364805222
0.8810237131346168,0.5522982515105257,0.3334443746899038,0.4460946770547252,0.4741466536075552,-0.014514322459211313
0.19317320389472414,0.05540934214606959,0.1957089060783765,-0.3566117429031589,0.9096379912445731,0.2015857010663501
-0.8354397028604216,-0.4991723447068741,0.02392880763436352,-0.9185758130177016,-0.8812533333720918,0.2015857010663501
-0.09613029642749393,-0.22795845264192943,-0.09303576753581844,0.27722248339626376,-0.046603573231911534,-0.6584923925653844
0.9435559869098532,1.380445108747527,0.1957089060783765,1.1253089985698583,1.236254044842134,-0.403494364805222
-1.6265006551864618,-1.1702506301381346,-0.9405987930923246,-1.1901917431917306,-1.376684182459165,0.4176857245919115
-0.5189221245747497,-0.600348864431665,-0.2006288963932439,-0.5494132397699035,-0.6034672283392668,-0.7924744071512323
0.5683645954022881,0.7179272254467987,0.6089128326943589,-0.3566117429031589,0.5830199779428499,-0.44671436951033416
0.17321681369321693,-0.21241775511264666,-0.19551426841884684,-0.08466460360901551,-0.12580893628288004,-0.576374383625671
0.6848027597319832,-0.0616735853452954,-0.12844148838039382,0.18952764448590598,0.05930667841285535,-0.7492544024461202
2.144165288132673,2.109216171667276,1.8485221333237059,1.8662682578663654,2.0527980982443608,-0.6628143930358955
0.33361981735008983,0.15461023156722756,0.5161082427934421,0.35066866150169035,0.2633883099729607,0.4176857245919115
0.8780589566884364,0.8954278692056065,0.8697315879839767,0.9546296034707704,1.0468917512308082,0.6337857481174729
-0.010733154600740773,-0.17863328438713844,-0.26240606549940804,-0.01834720166605721,-0.1873710827777486,-0.7492544024461202
0.9618172657947508,0.6783510175937382,0.7240973289088372,0.9318717580228936,0.687074389747716,-0.1441743365745481
-0.26777551245507464,0.20684120616398116,-1.020288316592583,-0.42012164740514474,-0.1168746450156073,-0.44671436951033416
-4.029367094927928,-3.9720064469249188,-4.559749711116759,-4.1004106918792,-4.001082759690495,-1.0517944353819062
0.5683645954022881,-0.2758505932821134,0.29901050753702224,0.1991082572892222,0.338056957892598,-1.0950144400870183
-0.0242512734005208,0.13500498275934297,0.31543533077036134,0.16572504543766553,0.13637400422482493,-0.05773432716432344
0.7608531523069976,0.20231554197749,0.47596969363906405,0.538984386526882,0.4069307606099268,-0.4899343742154463
0.39846626699979165,0.9804336362640416,0.9363556294556019,0.7967695573361234,0.6939470722382457,1.757505870450392
0.07592687892404303,-0.04293292323970575,0.027845973024352592,0.12964325726517456,0.2155754478674721,-0.44671436951033416
0.268212832882545,-0.0770950295363308,0.36099097256848933,0.23615699826204783,0.06043154860092582,-0.7060343977410077
-0.1421031560659794,-0.6705433668797631,-0.4021149921175378,-0.3014331926440569,-0.5219200188166178,-0.7492544024461202
0.6445748191904227,1.3649183241077074,0.5895451769813262,0.9284907575417224,1.190324458434793,3.4430860539497714
1.5688719712306634,1.5350332111177223,1.4077716088291379,1.4463906774010116,1.693519655405378,2.1897059175015148
1.0406320630135841,1.1765934523473025,1.1506989528460216,1.2872302464659122,1.2579538490102666,1.2820858186941573
0.6809217877401723,1.1154383529383638,0.8568346928202274,-0.3566117429031589,0.3870495619026482,-0.44671436951033416
0.6519990915970296,0.6102414610093335,0.8468558379501624,0.8993488007316335,0.8924474663495258,0.9795457857583715
0.5849172561074978,0.6594692390378888,0.6757550454028947,0.7221385841902869,0.6838879107829025,1.4981858422197185
-0.8970017336377037,-0.10709519432811908,-1.519474023518818,-1.4051397935061418,-0.8220506706863472,-0.7924744071512323
-3.1394021376945895,-2.555694175228848,-2.5994885851293397,-2.5794917436726834,-2.702367215550476,1.0659857951685958
0.8753395749215549,0.7630984024193022,0.49621995117414497,1.2095072472390065,0.939329468978823,4.955786218628702
1.0392813767055307,0.48720779193941954,0.8997028616545919,0.8892213594481275,0.8638240273826946,-0.1873943412796606
0.876679005510375,0.866407569343085,0.7762526506235179,0.7737649722081582,0.8205988327167069,0.4176857245919115
0.8497575762469997,0.3038537968282976,0.2473609464169996,0.5695889983774763,0.3788834746662534,-0.7060343977410077
-0.6570568132994951,-0.09152070835300011,0.3389978243567233,-0.5269132484021145,-0.4679497662391469,-0.576374383625671
-0.0444462848497847,-0.20959940121873208,0.41608416832566053,-0.4924541626301851,-0.015779386492948473,-0.6628143930358955
0.784170500271714,0.7347399585840548,0.5623109606464989,0.7569177646823265,0.7579941236085049,-0.576374383625671
0.041887332817219604,0.15692374632922793,0.5089433010358049,0.1991082572892222,0.04568085538557973,-0.014514322459211313
-0.7823217126523272,-0.474606157027896,-1.6223839084384652,-1.0234757431340158,-0.7887729343385608,0.2015857010663501
-0.1820159364689938,0.3393455778463825,0.6679430275903288,0.49019883914999335,-0.21019379742979014,1.0227657904634837
-0.2705241590919661,-0.6869526262226145,-0.45058123655354415,-0.6358966090798425,-0.5124036954137061,-0.7060343977410077
0.5751945658333519,0.23068591114656276,0.0974227638500768,0.36231655270572194,0.4902671800310223,0.07192568695101333
0.5683645954022881,0.22103831608234265,0.6089128326943589,1.0326882575777938,0.8279829979931017,0.07192568695101333
0.4804304144602393,-0.5035906808889434,-0.6113288122219552,-0.0092867427829207,0.10840314674340658,-0.7924744071512323
0.1462751241352209,0.5937049981056847,0.4539616701156906,-0.21768174285506361,0.338056957892598,0.7202257575276972
0.7559591655841461,0.16582799558503905,1.6074875424721322,1.156182578900546,0.5285833157752026,-0.878914416561457
0.5683645954022881,1.711705044175711,0.6089128326943589,0.7548282574816033,0.5830199779428499,2.362585936321964
0.5342552638362155,0.3766301340494533,0.4085721359638459,0.45170744905666804,0.5137365970559973,-0.7492544024461202
-0.6116715022050135,-0.6284807269242431,-0.29080303535822527,-0.6523992702055561,-0.6813047178862741,-0.5331543789205588
0.12832675424502232,0.5952393910578021,0.4966860442711818,0.3660532139870156,0.3491449640321525,1.0659857951685958
0.6449732716512985,0.7531924251222134,0.7286194236375332,0.7561219736420504,0.9227484120776623,0.28802571047657477
-1.0074360973280967,-0.6946563918734011,-0.30308508430886005,-0.4439398066133908,-0.8307674347918154,0.2015857010663501
1.959402656910034,1.877334018111983,1.7345003906332175,2.162478132368909,1.9911712815121987,1.5846258516299427
0.04122549652627331,-0.27394253987015377,-0.17149311939125178,-0.1752825297203861,-0.1316508143850378,-0.3170543553949974
-2.8083511747342498,-2.2634062307399376,-2.1802080937216717,-2.5794917436726834,-2.601499282710424,-1.0085744306767936
-5.878091965351522,-3.708901781860802,-5.251057505110335,-5.004451542432164,-4.672549914098161,-0.4899343742154463
0.48918736402412616,0.8563704133739235,0.8004101566741815,0.8698045026414064,0.8046683975967984,1.4981858422197185
0.2231899559473911,0.5522982515105257,0.4518964810208419,0.3398899163779587,0.30212970151994756,0.8498857716430344
0.22279375463036136,0.622035616162009,0.42949674095846985,0.4623439298603503,0.38962853257773744,0.4176857245919115
-0.04558311249239728,-0.6372239841734197,-0.2926203025929476,-0.45765275333813765,-0.5749868477761441,-1.0950144400870183
0.005578633712865156,-0.2758505932821134,-0.010891817620314496,0.1991082572892222,-0.3968321022581575,-0.6628143930358955
-0.3696127577946989,-0.39179067628194103,-0.13485274768324873,-0.3380884838567466,-0.5111475250468887,-0.2738343506898849
-0.3508517249758201,-0.26480773416039793,0.037314108862559585,-0.7456157430378252,-0.47848709550962804,0.28802571047657477
0.10809347335036418,-0.23890789664868456,0.44532159329030413,-0.003347207420864514,-0.1272826338115021,-0.5331543789205588
0.2272825354607968,-0.39630839024588216,0.007890742502820885,0.04754785307675408,0.0782472191231409,-0.3170543553949974
0.9435559869098532,0.3866672900186157,0.402312108995668,0.7548282574816033,0.41971195114406856,-1.0950144400870183
0.2907918056655246,0.8056142050601632,0.9510673126354707,0.6290999417580785,0.5409000564233294,1.4981858422197185
-1.537231545943285,-1.8350542024219394,-1.5390300998455464,-1.4584711304846047,-1.638541812076243,-0.7492544024461202
0.7715933595998783,0.04160576824392504,0.15266719194192385,0.33803825733731746,0.24959787179621182,-0.6628143930358955
-0.12429435709427929,-0.2758505932821134,-0.34463182962875394,0.1563600519944235,-0.2460857791275536,-0.8140844095037884
0.7788375404987454,1.111129332316355,0.7063337276308195,1.028922698856491,1.0264755532877408,-0.014514322459211313
-0.5572073279765578,-1.2696284120110255,-1.8703057685643347,-0.3566117429031589,0.5830199779428499,-0.6628143930358955
-2.275185763780464,-2.0018856475188747,-1.6093357809400413,-1.6435414507086723,-1.7892528605319598,-2.607714604765948
-0.46822411400192027,-0.4061030644272744,-0.6281180805896786,-0.5832165759416061,-0.5993263734483373,-0.6195943883307834
0.17354773183869057,0.30818468056231807,0.3304767500241974,0.34445126613953764,0.24233324847360088,0.2015857010663501
0.265790602103434,-1.0024830463359573,0.11573427243897325,-0.4163672030838454,-0.512729006304333,-0.576374383625671
-0.1820159364689938,-0.2758505932821134,-0.06254137874033712,-0.21768174285506361,-0.19269559898156105,0.2015857010663501
-1.4147850786865945,-1.1513211502469858,0.07765099550503855,-1.1769611614271498,-1.0967267252166146,-0.6628143930358955
0.2068669119145508,0.5510878301273141,0.8894091460221671,0.3329678680555622,0.4256714114958512,0.6337857481174729
1.0578960851743688,1.135075402636447,1.3417921641938397,1.2568056878953797,1.2540109242395365,0.6337857481174729
-0.9323987194841219,-1.6008883474392084,-1.8703057685643347,-1.8385324843761752,-1.0500661691574424,-0.5331543789205588
-0.4979662265052824,-0.8511962738795792,-0.8264233388485578,-0.8245857779451642,-0.5515448666094152,-0.6628143930358955
0.059545305151186854,0.3775921109779832,0.21835160956367172,0.282846369798211,0.23403194165013855,0.677005752822585
0.8970563596112248,0.6344041748939088,0.8737875896156347,0.7263287129917367,0.6849128360587915,-0.44671436951033416
-0.5572073279765578,-0.7727395026465694,-0.010891817620314496,-0.91233174309554,-0.3968321022581575,-0.4899343742154463
0.621964330393589,0.15005475404617388,0.4318247272250512,0.6489769347249591,0.5363594218836777,-0.6628143930358955
-1.242338455449568,-1.1400059960029385,0.5011213663488336,-0.5982299074668034,-1.1210701702971284,-0.6628143930358955
0.14764156845020288,0.3754117624436917,0.7112103506194944,0.18831839776548712,0.20725062459408428,-0.014514322459211313
-0.8901222380420124,-0.6397700429450034,-0.6132378105449237,-0.7010025414223808,-0.7280495412243441,-0.576374383625671
0.7786371886963839,0.859896337074774,0.6089128326943589,0.7792554858100604,0.9275830022413745,0.8498857716430344
0.15958838884494633,-0.48680577353061205,-0.351705040298145,-0.02687416934900949,-0.23394149244554188,-0.6628143930358955
0.3807700252204292,0.05540934214606959,0.1957089060783765,0.5695889983774763,0.25640196464112747,-0.6628143930358955
-0.8386003088212693,-0.7727395026465694,0.14405934495835387,-0.6344717429993494,-1.4991656924842907,-0.576374383625671
1.6235882735699563,1.0905939074701407,0.7638639952730273,1.3105482576739844,1.0729460180433534,-0.10095433186943596
-1.0395959383228766,-0.5597868289824254,-1.693217663095027,-0.8329438067480571,-0.8167692679740636,-2.1755145577148256
-0.32137299630252847,-0.885368317954392,-0.15374191420623884,-0.5259729701617889,-0.8522301147565384,-0.8356944118563449
-0.5572073279765578,-1.2696284120110255,-1.2505011182496615,-1.468051743287921,0.09309393784234617,-2.1755145577148256
-2.0742824311765746,-1.6584976475909237,-1.6547203566546826,-1.9029626611984798,-1.6322981946212014,0.2015857010663501
-0.172729968101118,0.10050499200435052,0.007518859712632948,-0.09525884969268317,-0.09851025732847955,-0.3602743601001095
0.2729649975430499,-0.14994291876043522,0.26675835275324833,0.12618667886397752,0.1307810085510373,-0.44671436951033416
0.8088723017021859,-0.09747940015409833,-0.14332919608095238,0.31785228405032917,0.19777937438686116,-0.878914416561457
0.6866824648440247,0.7564142528105328,1.0186879999848002,0.8854958125668383,0.7876640445969909,0.6337857481174729
-0.09715681802161596,0.5239636583429268,0.4409755230822979,0.5366236879660645,0.4491486673374671,3.659186077475333
0.08861207450052225,-0.09664462678636587,-0.07185580302526551,0.007793867142991885,-0.16391734338605735,-0.44671436951033416
0.9165625210433815,1.1325969207565367,0.8764552288305898,1.0346866266984867,0.949582641146047,0.8498857716430344
0.16637558754292076,0.07906920445436735,-0.3650655493403272,-0.5153898384781257,0.09309393784234617,-1.3111144636125798
-2.6523063855647,-3.2729950545648268,-3.3324819606844787,-3.2817195418357827,-3.1092409933331426,-0.9653544259716816
-0.32043652046227733,-0.21474518276411028,-0.8673849885785543,-0.40337224659934673,-0.28901701816947994,-0.6628143930358955
1.6555657719131482,1.7229983353077465,1.3414103645292452,1.739968661982643,1.562872058143857,2.362585936321964
0.3754100517212997,0.3488103177919565,0.4849519026314247,0.342008321018692,0.3590532282671454,-0.44671436951033416
0.3271702902291283,0.43399098974648675,0.4318247272250512,0.5166622255591536,0.30306252070029965,-0.44671436951033416
-1.9078936360311733,-1.6174506485661444,-1.2505011182496615,-1.2457637432109685,-1.5726545984993665,-0.014514322459211313
0.27216133918975804,0.47384148027751594,0.7176513605455642,0.36484841302659893,0.5486389281527568,0.4176857245919115
0.5753116253133818,0.34372615047133925,0.48648158050840046,0.6381959667212274,0.45600175278639354,-0.014514322459211313
0.7297738603586614,0.7898131377423733,1.0603958945137766,0.8676638692006643,0.794409346317094,1.0659857951685958
0.7293573987470111,0.6072382644411352,0.9906802674463812,0.7866221101326097,0.7744575982600407,-0.2738343506898849
1.148205222874748,1.2814986264479646,1.0462643484866019,1.281679715103991,1.3020021194236215,-0.6628143930358955
-0.39429655007439723,-0.8904246594960845,-0.5817641304019449,-0.5467257778489737,-0.4741894642858662,-0.7492544024461202
1.2841878180819921,1.8228511429779892,1.2450282621867141,1.8077709477661157,1.7992398157465854,2.751565978667975
-2.667654684311894,-2.791350696939672,-3.3810796037063513,-2.874716882334885,-2.9383234352795204,-1.203064451849799
-1.1199932896659808,-0.7898742197970938,-0.9299133609209002,-0.91233174309554,-1.0725929684812636,-0.1441743365745481
-0.8854983885807726,0.014000607995273681,-0.16584298019898286,-0.21768174285506361,-0.43765861903181286,0.11514569165612545
0.18830172861034036,-0.10806909659047362,-0.13163224272021384,-0.0967948597732144,-0.09142396708446575,-0.7060343977410077
0.5960108929843189,0.7667435794584009,0.8481351147484124,0.8835218951261554,0.8443132127617324,0.8498857716430344
-1.8703738215372627,-2.0149617760577097,-2.0769064922630256,-1.653291002392048,-1.7033021957608871,-0.5331543789205588
-0.5426829478772774,-0.750299999499671,-0.5347259158802639,-0.45699922661791087,-0.573838461138149,-1.0085744306767936
0.600990423173347,-0.01660377371030238,-0.10970107497348022,-0.05056340151720963,0.17119794715516884,-1.0950144400870183
0.0921621283468595,-0.0035177073932797787,-0.010891817620314496,0.10827026605777526,0.1307810085510373,0.5041257340021361
0.9435559869098532,0.05540934214606959,0.6089128326943589,0.3843475163933492,1.236254044842134,1.71428586574528
-0.5572073279765578,-0.2758505932821134,-1.8703057685643347,-0.3566117429031589,-0.3968321022581575,-0.878914416561457
0.15602707927937473,0.5654161187177476,0.547547213876004,0.4467059690549364,0.4083926999135865,1.4981858422197185
0.5503554446282266,0.674201001422727,0.9956709344907144,0.6792503374554398,0.5359870780932015,0.2015857010663501
0.4691026586233548,0.5683775766175597,0.4544624722731444,0.6981781606619916,0.717788833053696,0.6337857481174729
0.7559591655841461,0.3866672900186157,-0.010891817620314496,0.5695889983774763,0.25640196464112747,-0.5331543789205588
0.19317320389472414,0.3866672900186157,0.6089128326943589,-0.3566117429031589,0.5830199779428499,1.15242580457882
1.408667068232306,1.3065279145904707,1.3089673099131753,1.4406756529190319,1.500788630342322,0.2015857010663501
-3.180843444769552,-3.443070190462093,-3.8857865304575894,-3.515019689436548,-3.3645845663210436,-0.2738343506898849
0.9926196670499371,0.914770760669347,1.4520058271127951,1.0982343201604838,1.0829953809778952,-0.3170543553949974
-0.4548815844221869,-0.682395161145924,-0.36774806386688974,-0.4239716755664777,-0.6343717629488063,-0.44671436951033416
0.18501730973792066,0.04820644051592273,0.5101035753411932,0.3521335394221969,0.2137999558981477,0.7634457622328101
-1.4013862705106923,-1.5180728666932535,-1.8703057685643347,-0.91233174309554,-1.8666102225596686,0.0
0.005578633712865156,-0.7882662872863898,-0.24331856148831704,-0.40871160436119514,-0.33559134724559453,-0.7924744071512323
-0.034734850294871174,0.48727934394236827,0.8610964695957923,0.5159798013989177,0.2769925762544715,1.8871658845657293
1.4040634790656867,1.2134546591995965,1.1964529321322515,1.2633498466176458,1.2407280494403323,0.28802571047657477
1.0861704518896467,0.9949447799731211,1.196095924653671,1.3332972116018589,1.1694026568183407,0.8498857716430344
0.6720365229770194,0.6852378978775301,0.40502933258264745,0.6670822923312275,0.7377327422941083,-0.23061434598477273
0.9435559869098532,1.380445108747527,-0.21749254131900547,0.7548282574816033,0.5830199779428499,-0.576374383625671
-0.5665090543513602,-0.06504845481769918,-0.45653631963376756,-0.6260514735564342,-0.4103285848108459,-0.4899343742154463
0.4419245989614492,0.33705193864075594,0.6471399043071658,0.4169905092046498,0.36719383934945493,0.11514569165612545
0.15112633912498402,0.01787634148831623,0.6592905546719353,0.17310056128021917,0.0013837025438528916,-0.23061434598477273
0.11813582605074936,-0.8721172845194604,0.11306911244261975,-0.3566117429031589,-0.004891270177754216,-0.23061434598477273
-0.039444243222288726,0.6185494435739078,-0.010891817620314496,0.22133705729691697,0.17148210425842683,-0.23061434598477273
-0.1820159364689938,-0.2758505932821134,-0.424095744236297,0.5695889983774763,-0.3968321022581575,0.4176857245919115
-2.2455652130448267,-1.6422950940343675,-1.947781349853669,-2.3710967436005403,-2.1115732426099205,0.6337857481174729
-0.03368581726228241,0.05001511614600884,0.43882604055500674,-0.13173853338531125,-0.06413900605918911,-0.6844243953884516
0.6379879722948107,-0.13754057158269836,0.001888554269173571,0.1761925873612894,0.2269397722936436,-0.6195943883307834
-0.3034651470015712,-0.07479741521942969,0.35812499586543445,-0.54934655336988,-0.3515217823655022,-1.0085744306767936
-1.0074360973280967,-0.6733617207736786,-1.3744620483125956,-1.2457637432109685,-0.7887729343385608,-0.576374383625671
0.8702227249578732,1.0521983076657302,0.33281713238378574,0.9366998533845646,1.1263930296099978,-0.6628143930358955
-0.18776310670976576,0.35912374399472535,0.004028119922060518,0.2878767472399527,0.197081719705758,2.27614592691174
-0.21429058579995844,0.27624863657964627,-0.1775052244993033,0.021835800107853257,0.014072786982455954,-1.0950144400870183
0.5683645954022881,-0.2758505932821134,0.6089128326943589,-0.3566117429031589,0.5830199779428499,-0.7924744071512323
0.5683645954022881,-0.2758505932821134,-1.8703057685643347,-1.468051743287921,-1.376684182459165,-0.6628143930358955
0.2170713469719032,0.2242025046571756,0.4194187173443527,0.02566804522918054,0.06500941751962515,-0.576374383625671
-0.8220476481160597,-0.4512225649532046,-0.3390238371527068,-0.8142627232215899,-0.8002999142100449,-0.6628143930358955
-0.9708797724005982,-0.8364426483827303,-0.6624825296217262,-1.6010444308539613,-0.9663182118626624,-1.0950144400870183
0.5282762257792271,0.4511038437849986,0.3066514592661016,0.629982425118384,0.6152335949315381,0.2015857010663501
-0.6670181248213977,-0.6151899423765629,-0.5399942554079384,-0.7361284911945415,-0.7792134974441195,-0.878914416561457
-0.475643884120833,-0.39107118114118133,0.06995302174812996,-0.0666703900027863,-0.36843010986145136,1.0659857951685958
0.7934789800780565,0.7427716709150218,0.9498053903674297,0.9771162575585549,0.9994571120282787,0.11514569165612545
0.5683645954022881,0.22103831608234265,-0.010891817620314496,0.013868998185095209,0.09309393784234617,-0.44671436951033416
0.005578633712865156,0.2662094930548469,0.15814626505070623,-0.05349093447822362,0.2267104869068767,-0.7492544024461202
0.5058323216270528,0.37286570367210803,0.10962547780547231,0.49240393611075595,0.5285833157752026,0.07192568695101333
0.21139846447807464,0.6753358956917151,0.8284997034264426,0.6055774255899348,0.46823814556394316,1.0659857951685958
-0.8323466312149761,-0.7985041863749354,-0.5296906229011071,-0.8258861627456136,-0.9266773161060506,-0.4899343742154463
-0.2758143471318463,-0.5242950479643415,-0.11419341907896023,0.1991082572892222,-0.5601401290569388,0.24480570577146224
-1.346402082053636,-1.9044059812797558,-2.1450949206720447,-1.5447033143544562,-1.576193824213052,-0.6628143930358955
0.40617193238724364,-0.14472757276774598,-0.12280126606253022,0.03123413675110658,-0.03449064181646626,-0.878914416561457
0.205536485901117,0.9571176210810236,0.9143748773368416,0.7516428704405005,0.7935901899780464,0.677005752822585
0.4783188415319804,0.24091387245692047,0.5097440886440111,0.3547098573430886,0.5046318115267692,-0.6195943883307834
-2.4447059000167055,-1.3460737769389284,-1.1074700387058452,-2.08361834174102,-2.0098195234893668,-1.9594145341892641
1.4125435379364226,0.7179272254467987,0.9188151578516957,1.0326882575777938,0.8279829979931017,1.4981858422197185
0.5379426374572052,0.3150437350671852,-0.027643897709019247,0.30424381268561823,0.4506066872328064,0.2015857010663501
-0.7093126154142817,-0.49072125813640405,-1.2337490381609566,-0.4166895206839566,-0.4762804686250159,0.28802571047657477
0.755580973417892,0.7493802934095696,0.7958979788198919,0.8221881901449221,0.8034043884133399,0.2015857010663501
-0.521474921696973,0.2647764654402399,0.48548741384929656,0.3266104312533612,-0.12535820432598724,1.4981858422197185
-0.8075998069075687,-1.038028491356252,-1.282016945108862,-0.7451444924776623,-0.9116699016456917,-0.7060343977410077
0.7934789800780565,0.7179272254467987,0.36099097256848933,0.7548282574816033,1.3669016421036564,1.0659857951685958
-1.6827792513554038,-1.2696284120110255,-3.109915069193682,-1.468051743287921,-2.356536262660172,-2.607714604765948
1.318745127273569,1.3141939166841456,0.8843812906988141,1.4463906774010116,1.5193235122914033,2.1464859127964027
-0.28921315530774855,-0.3704960051822177,-0.1584648256416373,-0.3566117429031589,-0.4901512546723412,-0.9653544259716816
0.2814540609891731,-0.06150663067174944,-0.26610505965248554,0.3407612853382597,0.12191334722521797,-0.014514322459211313
0.6566454524967371,1.1368721529327093,0.90058546347664,1.1362055563336295,1.1161751321176607,1.4981858422197185
-3.080041725599436,-2.9487710660932445,-2.3405019723860527,-2.8860958050588246,-3.268811864298037,-0.6628143930358955
0.9623147685848839,-0.0770950295363308,-0.010891817620314496,0.4213962573661748,0.338056957892598,-0.33866435774755344
0.1753351400530161,-0.32204933651918316,0.11189148360702242,-0.08065897384762864,-0.03087498764052479,-0.5331543789205588
0.186208164832856,-0.45510028600188496,-0.216396726697249,-0.13255433034559416,-0.13952294599737303,-0.6628143930358955
-3.933923098113096,-2.2634062307399376,0.6089128326943589,-3.6909317440574454,-3.3363883428611794,-2.737374618881285
-0.20546610192066847,-0.6485172753054554,-0.24331856148831704,-0.07875174280696834,-0.33559134724559453,-0.2738343506898849
0.39519985727814655,0.029926891318223323,0.22749496776511358,0.4128470608832147,0.3568995133948637,0.15836569636123798
-0.9599009438599609,-1.538186929744327,-1.3006829819577386,-1.4704835740087632,-1.3155766873295096,-0.9221344212665691
0.7263386148485089,0.9097084564607423,0.8046397036079298,0.5013421365938509,0.8064948418742942,1.71428586574528
-1.232550482003865,-0.2758505932821134,0.11306911244261975,-1.2457637432109685,-0.7887729343385608,-0.44671436951033416
1.896602497017036,1.9346849360308287,1.5723446187992907,1.7580717967089095,1.8195639075941148,0.6337857481174729
-0.8059744810502104,-0.10301871771569347,-0.7250133811826726,-0.10694008409672703,-0.17672009066596395,1.3253058233992694
0.25459791489735384,0.28699733746701833,0.4882418257152946,0.28763000755986734,0.3012047211562382,0.3312457151816869
0.7566187507312464,1.1509162210669863,1.7317906047020417,1.3367137781630434,1.1400835228745654,1.2820858186941573
0.5808021651556234,0.4104603185546232,0.4468264789812682,0.3925366063161837,0.5523427690159166,-0.403494364805222
1.131150557091711,0.22103831608234265,1.2287174830090324,0.1991082572892222,0.09309393784234617,-0.5331543789205588
0.3242640635229648,0.6520735445109089,0.16832841584607533,0.594138485105975,0.4767706974783339,1.0659857951685958
0.5331904727966992,0.4694827707645707,1.1512419017196982,0.6853632574575557,0.5830199779428499,-1.0950144400870183
-0.46569833060585797,-0.29200942061464547,-0.07135995930501382,-0.27980457023656985,-0.3589921746249554,0.2015857010663501
-0.9792967992436251,-0.8969617299876834,-0.5532208866456537,-0.8428667430714923,-0.8867581423586611,-0.23061434598477273
0.21577468811617148,0.26294393914250364,-0.01835922404730572,-0.10218534377508078,0.09899656677347707,-0.44671436951033416
0.6809217877401723,0.48980950226885184,0.4173361737192961,0.5679040553368934,0.6943664489285711,-0.44671436951033416
-0.5947271424704683,-0.9604522072706366,-0.4103212056877039,-0.7270924839914129,-0.7669986614123339,-0.7492544024461202
0.3845969697599173,0.23117882494465236,0.3812288340105644,0.5733678943787845,0.4030466269640101,-0.014514322459211313
0.8957551984677989,1.0607328715729736,0.7102261008347959,0.6960508645012559,0.8162051759890858,0.28802571047657477
0.10489459794412125,-0.2758505932821134,-0.1202699838706458,0.16641858399790582,-0.22391760566508562,-0.44671436951033416
0.9566869089679907,1.194940578436677,1.4807722005431998,1.4439210577201549,1.2885134756875758,1.8871658845657293
0.9379776524575877,0.9556289419085678,1.0561762644544346,1.049208701743512,1.0332228147120046,1.3685258281043815
-2.125626520033424,-1.9049942977484435,-2.3377004553666296,-1.9235598672856107,-2.083463246133114,-0.4899343742154463
1.4551779512501657,1.5159606272206767,1.5480110882279374,1.4115892681089621,1.1917158483886778,-0.014514322459211313
-0.6807455999989265,-0.6394281833753604,-0.23764858854723858,-0.9801029085590014,-0.7075177207358115,-0.4899343742154463
1.0847567335538812,0.9708238047569314,1.0665468358634982,0.8225505195850469,0.8042764567647189,-0.44671436951033416
0.7700805909348576,0.769575846241777,0.8244015550785617,0.7866976880526365,0.9149056760277338,0.2015857010663501
0.3310174950632381,0.28350122710072945,0.4168899143710688,0.4690814791426827,0.5273918156456786,0.46090572929702367
-0.10697855862501904,-0.0770950295363308,0.8568346928202274,0.08796425725074639,0.2890643538825478,0.5689557410598044
1.318745127273569,1.711705044175711,0.6089128326943589,0.7548282574816033,1.236254044842134,-0.44671436951033416
0.4999185667416205,-0.10126768119909287,-0.10302453928028987,0.27045159091392007,0.192403905874879,-0.6628143930358955
-0.12559776938155223,0.13137371860970748,0.05900975084217485,-0.30647246160580194,-0.05056805474840458,-0.9221344212665691
-0.16991378714882435,-0.37736499746527175,-0.004227678020131068,0.025819201069232276,-0.14923523981632533,0.07192568695101333
0.023734108836966417,0.41338202534168594,0.13572917045812513,0.2767890217961143,0.19318582783487903,1.4981858422197185
0.2226339234172422,0.13267755510788024,0.23388143488195684,0.025845875629241292,0.17569154879497043,-0.1441743365745481
-0.23865021336572337,-0.5383570040993554,-0.2798647228894712,-0.5243769423212363,-0.4892713475043204,-0.7492544024461202
0.6014699168127076,0.30872529569570717,0.4630752776939176,0.5260027673223878,0.410105481349778,-0.7060343977410077
1.6939365187811342,1.9104606079214925,1.104756552946098,1.4216922577124602,1.758842474184058,2.1464859127964027
-0.23561567146029472,-0.2758505932821134,0.07765099550503855,-0.039057774633227405,-0.1168746450156073,-0.44671436951033416
-0.8540611647608009,-1.0075334252107373,0.10489512871427013,-0.5886715234634939,-1.0213525837992323,-1.181454449497243
0.8497575762469997,1.711705044175711,-0.010891817620314496,0.7548282574816033,0.8279829979931017,-0.6628143930358955
-2.8083511747342498,-3.2571840494688495,0.6089128326943589,-1.468051743287921,-2.356536262660172,-0.44671436951033416
0.8933779905656244,1.2465315601181697,0.7144110218337197,1.1331913310525872,1.1340006011606785,1.4981858422197185
0.005578633712865156,0.22103831608234265,-1.8703057685643347,-0.91233174309554,0.09309393784234617,-2.3051745718301624
0.33140244066103347,0.508711156381076,0.6741559494050816,0.6963309473813525,0.2220209148510345,1.3253058233992694
-0.9323987194841219,0.5522982515105257,-0.6306964679349879,0.1991082572892222,-0.3968321022581575,-0.5547643812731149
0.9440242248299783,0.9558137845828508,1.3519048968683738,1.05561281902573,1.0306908769367646,0.2015857010663501
0.11813582605074936,-0.2758505932821134,-0.13485274768324873,-0.13432374282620624,0.19107914586244656,-0.5331543789205588
0.20818157992105712,0.7974294509451118,0.4601597166188372,0.2657946573123075,0.19107914586244656,0.2015857010663501
-0.05695364006237019,0.4308367389498407,-0.21749254131900547,0.16205951631639656,0.12575632708376652,-0.014514322459211313
1.6939365187811342,0.7179272254467987,-0.6306964679349879,-0.3566117429031589,1.562872058143857,-2.1755145577148256
-0.11676653207072203,0.1562261143004807,0.5011213663488336,0.27159415123431535,0.199599939551875,2.1464859127964027
0.7961060649472241,-0.09410850579297002,0.0831647776742379,0.3266860091733871,0.28563291189768375,-0.7492544024461202
0.9754862112322628,1.500262912796035,0.3715400477168454,1.1095421107243997,1.208457601030993,0.8066657669379222
-1.5951174588188128,-1.9569132261101168,-2.071115037610485,-1.7450470430638119,-1.828454782556641,-0.6628143930358955
1.0141360999372455,0.7540053353779326,0.6661877408206366,0.9308981365825566,0.9484440530288527,-0.44671436951033416
0.12201679804256024,0.5808534633538822,0.43793104263995164,0.21827170577585675,0.2113522854018055,0.28802571047657477
0.1235813430160566,-0.47620812687168673,-0.4907396194567317,-0.016008731905247556,-0.2624983014709205,-0.6195943883307834
0.5021539525814505,0.2794963024912526,0.6089128326943589,0.06834956412395574,0.09309393784234617,-1.0085744306767936
-0.4446501356386736,-0.5938594952753655,-0.9529948860986178,-0.4677557429416347,-0.5144143518822785,-0.9221344212665691
-0.34202498995268404,-0.012791641997657663,-0.02912151199537008,-0.16047592603525976,-0.18068849159077746,0.6337857481174729
-2.1561497794516113,-0.9352738524553206,-0.9319091318949128,-1.3537912654883661,-1.8528746560994107,-0.878914416561457
-0.3562116984749506,-0.5952786100005102,-0.27652273621497525,-0.6344717429993494,-0.3268432278735599,-0.6628143930358955
-2.689868971791699,-1.3742374403217057,-0.8916664555592815,-2.5209944335724326,-2.2018234983089147,-1.7433145106637027
0.9748221237974704,1.258983596186843,1.104756552946098,0.6313339361588512,1.0457276869595302,-0.1441743365745481
0.09298604699477302,0.07346032244546205,0.07186202007109956,0.127940531184585,0.2893308736483623,-0.10095433186943596
-0.3030464342460737,0.23706795229844044,0.249026981317046,-0.3566117429031589,-0.2071836918394131,-0.23061434598477273
-0.4634089173137053,-0.11022161934584034,0.5056112312357132,-0.4492324838952224,-0.3968321022581575,0.2015857010663501
0.41964052602239404,0.016612256102892894,0.1957089060783765,0.3409591216583282,0.2828854066647999,-0.1441743365745481
0.19317320389472414,0.7179272254467987,0.6089128326943589,-0.3566117429031589,-0.3968321022581575,0.4176857245919115
1.33704692674771,0.40282611735114776,0.5786787618520087,1.0530187180648327,0.559121385706747,-0.7492544024461202
1.3093713642956715,1.6318530088852057,1.2333213919515704,1.469270781248932,1.4795082028645166,1.2820858186941573
-0.2502323484572921,-0.2758505932821134,0.2708366673523186,-0.0029715407007342735,0.13763213429580307,0.3312457151816869
0.841439599733231,1.1389372232400272,0.9157607605349452,0.9149734242570429,1.071738840280546,-0.014514322459211313
-0.5572073279765578,0.22103831608234265,-0.010891817620314496,0.7548282574816033,-0.3968321022581575,-0.05773432716432344
0.17747597785128297,0.21480136649200027,0.45504260942583963,0.18438167728412388,0.12794139722261472,0.2015857010663501
1.1823123032969727,0.9588428193743362,1.2475000431321688,0.8558692679165811,1.1174842144968096,0.4176857245919115
0.28697161455757664,0.4694827707645707,-0.010891817620314496,-0.1713724837990319,0.09309393784234617,-0.5331543789205588
1.0792616914239472,0.8729843909474326,0.7407849493139101,1.0464834508625689,1.062522351614175,0.4176857245919115
-0.20286152848996966,-0.6623188616519623,-0.5847838186582783,-0.7065086151842875,-0.4512687644258048,-0.6628143930358955
0.3652799044108897,0.5021522227774645,0.48381394129344646,0.37075238230864277,0.21744892504481633,0.4176857245919115
-0.06945874413110861,0.07197164327300548,0.34033164396420085,0.18058499824280994,-0.021221484946384928,0.07192568695101333
0.5696590031141748,0.015429660498605245,0.03612904237115743,0.09690690349384144,0.23950931477846196,-0.9653544259716816
0.34325021072651873,0.1216605342094518,0.36099097256848933,0.08796425725074639,0.19107914586244656,0.2015857010663501
-0.058423636994302496,0.511376468490907,0.33182296572468073,0.310252257327698,0.21029208545102862,2.362585936321964
0.7768047576051229,0.5707010291577479,0.28753172541319416,0.8371570640701036,0.7644748652669534,0.3744657198867994
1.544523599384132,1.500636573255878,0.8941320574575645,1.1580942557012064,1.2593785539348779,-0.576374383625671
0.6641575195133679,0.4007650221551037,0.21329400361710388,0.5656478321361119,0.43708472852603264,0.2015857010663501
1.2919475109217669,1.4987523705115675,-0.5421536548096348,1.0723822257515356,1.632860932528454,-0.014514322459211313
-0.878798984492821,-1.2696284120110255,-0.09943463074566754,-0.3566117429031589,-0.6767895595007077,-0.7492544024461202
0.16263418646960937,0.0974819198797774,0.5856280115913371,0.1593431569554566,0.14392670405901434,-0.3170543553949974
-0.36153565367253293,-0.43709303192651644,-0.24280536323785631,-0.5295851501630399,-0.5428359413205888,-0.44671436951033416
-0.373439702334187,-0.2454290666951843,-0.023540790923936204,-0.288564940319602,-0.296847995994447,-0.10095433186943596
-0.15669732162451003,-0.20878649096301116,-0.10848873707746372,0.029778150350603366,0.0981029416763333,-0.014514322459211313
-2.110210686970827,-2.5736994417485786,-2.9006987698706626,-2.560732859346189,-2.2903864487258017,-0.8356944118563449
0.36371535943739336,0.6275828839461532,0.7216057142145719,0.5527484594916469,0.2267104869068767,-0.014514322459211313
-1.042747539708337,-0.37328057063029607,-0.5982881223793338,-0.40019797395824735,-0.5441293460664539,2.016825898681066
0.048870381029862325,0.1955558652544955,0.11624747068943396,0.3558501947834838,0.2940890353498186,1.9303858892708414
-0.2758143471318463,-0.7727395026465694,-0.4757453053563196,-0.07875174280696834,-0.15186908220790565,-0.576374383625671
-0.17846138033496342,-0.4171459235489899,-0.37220074047475066,-0.28286769887763,-0.5640105447737325,-0.6628143930358955
0.5599340616961809,1.0361587336714455,0.9989013563281546,0.9421503551464513,1.0802851101240598,-0.6628143930358955
0.7796366965643441,0.4509905531136627,0.9980460259107219,0.6433241508830028,0.44032215979901673,-0.5331543789205588
0.21662336934639878,0.7179272254467987,0.5701750420496918,0.1643757572771984,0.32274774899153763,-0.3170543553949974
-0.7803812266564218,-1.5609086657917441,-1.74207066563283,-1.2380992529683148,-1.292215054033357,-1.0085744306767936
-0.9323987194841219,-0.2758505932821134,-0.14862728623184288,-0.5418510020072859,-0.6690134533922326,-0.014514322459211313
0.5496058137272565,-0.02740613859988537,0.13372844104690937,0.4213962573661748,0.09309393784234617,-0.3170543553949974
-1.7303391674058533,-1.6615405952718714,-1.887764425954399,-2.000291462032174,-1.8183074344140797,-0.6628143930358955
1.5400123071152307,1.575803939908895,1.3317240574541278,1.5928940296117269,1.692216452138711,0.5257357363546922
0.0028119779252001225,-0.2778043604737348,0.10429267859416483,0.008402936263202973,-0.07310465259302831,-0.23061434598477273
0.6486583941284421,0.9267358456068421,1.5639425469596264,0.9379068772249813,0.8499062084355182,0.4176857245919115
-0.9323987194841219,0.05540934214606959,-0.424095744236297,-0.7270924839914129,-0.8867581423586611,-0.1441743365745481
0.5471273043519758,0.5304212266090278,0.8895802121056536,0.8596815071179026,0.8233620155828736,1.0659857951685958
0.2639649244437133,-0.025843919868843174,0.031988747307055816,0.2655145744322109,0.1701259889794288,-0.7924744071512323
-1.7531274965665817,0.003649418235393132,-1.2505011182496615,-1.0512617431436353,-0.427452479764439,0.4176857245919115
-0.9076203791628604,-0.25709999339833595,-0.8606861399179527,-0.5069006597551868,-0.557059474116787,1.4981858422197185
0.1450414973071972,-0.22027655010315536,0.13726380677230407,0.016914343786149665,0.0006958463835513685,-0.403494364805222
0.5502091202781869,-0.5162812236341114,-0.3507852501970771,-0.08771439497007114,-0.09655447257639824,-0.7924744071512323
-0.36769703438110823,0.42385048088417615,-0.6939413344530976,-0.36795287666708487,0.22807444100251656,-0.23061434598477273
-0.1820159364689938,-0.9383684765828425,-0.21749254131900547,-0.1713724837990319,-0.2335240754593762,-0.7924744071512323
1.318745127273569,1.380445108747527,1.0221167593103424,0.7548282574816033,1.562872058143857,0.6337857481174729
1.099294620516243,1.674203844408156,0.807718893110692,1.00647605660872,1.3595057186022994,5.647306293910498
0.3807700252204292,1.0491871608749825,-0.010891817620314496,0.5695889983774763,0.25640196464112747,-0.4899343742154463
0.28697161455757664,0.17631831423954167,0.34239683305904955,0.07129265724497431,-0.014689790979764951,-0.23061434598477273
1.3485435183731012,1.6040749312960942,1.0832766029847918,1.461015004926073,1.4709011821920306,-0.44671436951033416
-0.5512508013580372,0.2078926230961968,0.4515022852632417,0.07267528860545275,-0.1635332413706188,0.6337857481174729
0.7098534884587034,0.001959995943554388,0.07632213433476422,0.32735065029361726,0.23924475471680726,-0.878914416561457
0.9478128999240711,0.5037084788415944,0.7736593879665999,0.49183043307055824,0.5147321267694813,-0.4899343742154463
1.0359609395315628,1.1941733819606186,0.5831636683016861,0.7878091280530207,0.9362899678260393,0.46090572929702367
-0.7736638134176966,-0.7727395026465694,-0.20160075008493664,-0.7840893500911449,-0.8113840009412789,-0.6628143930358955
-0.12258123662689716,-0.010187944112588509,-0.49569061900344596,-0.3566117429031589,-0.09123387578090715,-0.403494364805222
0.8943504847074237,0.8319672052572159,0.6901989729738275,0.9613249180330883,0.9149919030107914,0.28802571047657477
-0.39641037414650226,-0.6071105287102964,0.018623279827670387,-0.5153898384781257,-0.3035129498439738,-0.5331543789205588
0.2915571945734222,0.5427281711161667,0.9137649895609327,0.6346282443199921,0.5539869608064939,0.9363257810532586
0.8232120880060334,1.0929372355667026,0.7024686258314564,1.1322977332922772,1.1376534897156683,2.794785983373087
-0.6627296957933246,-1.1298794000300911,-1.1149176113840258,-0.7213018815894084,-0.9633081062722846,-0.403494364805222
0.5683645954022881,0.3357043759185592,0.5135571268527471,0.5838376591824095,0.2061531902642589,-0.23061434598477273
0.3203583289488401,0.010492572295160148,0.3567886970393564,-0.03636586695229535,-0.08128641746270593,-1.0950144400870183
0.014803821196878031,-0.14551861991145443,-0.06169596519730754,0.05030867003770975,0.07703024283953083,-0.403494364805222
0.15906612347249854,0.5553093983012741,0.9469889980364004,0.6841006616171188,0.556297452011608,1.4981858422197185
0.14663755829454858,-0.11920934593842489,0.1860994547798978,0.04546056875603194,0.02852952457374155,-0.8356944118563449
0.8899562519185523,0.7179272254467987,0.4318247272250512,0.35788635286418896,0.7229996864162057,-0.014514322459211313
0.6609744021140534,0.9475018269070019,1.1541847341993918,0.702070423543339,0.7132540776265254,-0.014514322459211313
0.15501856683602827,0.4793092458361623,0.20271269862693247,0.306902377166539,0.437241504858865,1.9303858892708414
-1.3826274888356607,-0.9383684765828425,-1.3744620483125956,-1.097571002199667,-1.0500661691574424,-0.878914416561457
-0.3320929433007884,-0.2758505932821134,-0.3827746078091183,-0.3566117429031589,-0.20086168621795586,-0.878914416561457
0.9435559869098532,0.7179272254467987,0.402312108995668,1.4957875167781103,1.0729460180433534,2.5786859598475256
-0.3946747422406524,0.16269958301168094,-0.09202672556510604,-0.524603676081315,-0.39550930194988576,-0.6628143930358955
0.8623572283573021,0.9552473312261756,0.8216818522729816,1.036836151659229,1.007135232928733,1.0659857951685958
0.7735563570342514,0.8581592134476349,1.3636985397545627,1.06260377662815,0.9978187993501816,1.109205799873708
0.36147547130986923,0.6200719111921997,0.4977000446790963,0.5408093710075131,0.5379938151534533,1.3253058233992694
0.23069301838863457,0.8173050073196896,0.5469323676628918,0.47696825738541276,0.338056957892598,-0.2738343506898849
-0.2289162673723431,-0.19303511253615843,0.04075774349970812,0.1527989982331905,-0.15186908220790565,1.238865813989045
-2.408638073303954,-1.4049471624760668,-1.0641556105232546,-1.4971092306579807,-1.9338555111197036,-0.2738343506898849
0.16707344213541522,0.4889270275658208,0.6735882083453956,0.6146912335930903,0.3572287436938111,1.4981858422197185
-0.04913766862642767,-0.2137394796115564,0.032149896516138136,-0.3720474216285021,-0.1858915061366454,-0.878914416561457
0.08597598505596941,0.15005475404617388,-0.45360836246568026,0.11972032094173936,0.443040269469494,0.2015857010663501
0.2929776663407259,0.35729519280826366,0.1672127674755093,0.24382148850470142,0.32880519455134016,-0.3602743601001095
-0.3696127577946989,-0.06150663067174944,-0.7157683750185792,-0.5200578864797416,-0.4064385720524481,-0.878914416561457
0.9045751800593967,0.4468961885005001,0.592812787097785,0.5960501619066365,0.7739010422784871,-0.6628143930358955
0.34163163830070065,0.8394682402329816,0.7337662814537478,0.8347874739892838,0.702857847055593,1.71428586574528
0.0948004689352594,0.0028921595375217706,-0.0184509551355519,0.022905005388223786,-0.056274713263495736,-0.7060343977410077
0.8302896842602392,0.8679320245170165,1.1546533065150293,0.7618192150840233,0.921962570709341,1.109205799873708
0.509600736426525,0.01549723739027943,-0.2374056251243154,0.11653048814063542,0.15802481578894584,-1.0085744306767936
-0.5572073279765578,1.2148161348112547,-0.6306964679349879,0.1991082572892222,-0.3968321022581575,-0.7492544024461202
0.9285476108835192,0.6781761126976422,-0.3827746078091183,0.5769978574200412,1.0141548932312925,0.4176857245919115
0.686846798344839,1.2060987157853642,0.47842659927291137,1.0083143783693567,1.184684429861156,1.4117458328094943
0.34814419744937025,0.19223267222866666,0.060970812755770445,0.12662236334412905,0.16409793898203204,-0.23061434598477273
-0.8073341719336522,-0.8647553784383166,-0.7225192872698067,-1.0564077103454164,-1.1226477321462514,-0.6628143930358955
0.5683645954022881,0.22103831608234265,1.2287174830090324,0.1991082572892222,0.5830199779428499,-0.10095433186943596
0.29457597847192435,0.13374686004083283,0.1231198646521225,0.041403812754627144,0.30495363521508734,-0.44671436951033416
-0.06008047886551682,0.35078197298431485,1.0169500677453194,0.4075032573613651,0.2441538136386147,1.15242580457882
0.0802018010890356,0.5339968392008138,0.8725876478126251,0.3127085397285491,0.5261767990662293,1.0659857951685958
-0.36607170852374893,0.22103831608234265,-0.1980034038945106,-0.14690524363056223,-0.02707708097766569,0.6337857481174729
0.21662336934639878,0.3452605434234567,0.6089128326943589,0.26857325731326986,0.03185318282978321,-0.014514322459211313
0.7934789800780565,0.78417841751018,0.36099097256848933,1.051211516624207,0.6483427967215298,0.6337857481174729
-1.6827792513554038,-3.5056285041510775,-1.560403443406998,-3.413071743961255,-2.846462302760676,-0.878914416561457
1.318745127273569,0.7179272254467987,1.0221167593103424,0.7548282574816033,0.5830199779428499,-0.6628143930358955
0.5683645954022881,0.7179272254467987,-0.6306964679349879,0.7548282574816033,0.5830199779428499,-0.10095433186943596
-0.45298837244706397,-0.6623188616519623,0.0579759166854497,-0.4698141298223477,-0.487558566068129,0.28802571047657477
-0.10161858512588956,0.5049745517826546,-0.7782694759563108,0.11972032094173936,0.27973224267071356,3.745626086885557
0.7827590330797976,0.15005475404617388,0.1957089060783765,0.9665309029948916,0.4897008255286662,-0.6628143930358955
-0.02122123378278529,0.24470016594627816,-0.12894972819365244,-0.1713724837990319,0.20974336828611595,0.07192568695101333
0.10489459794412125,0.48409726736679837,0.39015897941229793,0.3625544008658049,0.9288509308331543,-0.44671436951033416
0.8975651181205931,0.8917489037206733,0.7484234218243878,0.796258294935946,0.8457183206447404,0.28802571047657477
-1.7370971012338199,-0.8806438982041547,-1.305336475272301,-1.5216876148264886,-1.5343012283761386,-0.7924744071512323
0.7302623585734082,0.41162502615817304,0.5749500170757164,0.32091096693138815,0.35483594491396,-0.33866435774755344
0.5683645954022881,0.4061532854882521,0.4277216204399682,0.4279337474484377,0.46075599507952847,-0.576374383625671
0.4675673785198654,0.6289324342239869,0.46090100298061365,0.24058052946357955,0.4806469923076087,-0.014514322459211313
-0.5572073279765578,-0.6623188616519623,-0.3552280099305328,-0.10962532313765586,-0.3968321022581575,-0.2738343506898849
0.3807700252204292,0.7179272254467987,0.9040588487370046,0.49019883914999335,0.4897008255286662,1.2820858186941573
1.4125435379364226,1.4632605894934827,1.5386198081663691,1.8662682578663654,1.3179090380936054,1.2820858186941573
-0.5572073279765578,-0.6071105287102964,-1.0439003945509704,0.013868998185095209,0.25640196464112747,-1.0517944353819062
0.5865200705263894,0.653812655693684,0.32900161495644814,0.8982395836112504,0.6778441831522221,1.9303858892708414
-0.024570935826761085,0.3452605434234567,0.02231235710634371,0.4075032573613651,0.32055875944436807,1.9303858892708414
0.005578633712865156,0.22103831608234265,-0.010891817620314496,0.7548282574816033,-0.3968321022581575,-0.10095433186943596
-2.1830329392695913,-2.0425669363063608,-1.5948373105598797,-2.085518904141678,-1.9210468847273159,-0.878914416561457
0.7194163475197292,0.6878117824280376,0.5176850258238429,0.48057599162666154,0.5406021813909484,0.7202257575276972
1.1532207713653233,1.4096741019519823,0.7304441285280592,0.8855869506468708,1.178617185780551,0.4176857245919115
-0.9323987194841219,-1.0119815747273675,-1.3193688525554257,-1.5092172580221717,-1.1226477321462514,-0.6628143930358955
-2.433159783226686,-2.9178447003744004,-2.918430141306865,-2.4123244989748125,-2.436198236780514,-0.3991723643347105
-0.8546149461471038,-0.3930030852207903,-0.7768290499489796,-0.8987766208508471,-0.7035336421777144,-0.2738343506898849
0.49712489722779457,0.0008986412331518412,-0.22272369256766145,0.5719341367782882,0.24813397278839142,-0.44671436951033416
0.42467408366374504,0.5276287109383994,1.1364062576097667,0.44740839913518005,0.708107894501311,1.9303858892708414
0.5683645954022881,1.558816301875543,0.9903306976236033,1.0113152663703946,0.809140442490836,-0.44671436951033416
0.6503782680273634,0.9701162349499981,0.9421743555127546,0.9223822832996068,0.9129204957132457,1.0659857951685958
0.3060568120903888,0.3636235699579295,0.3976412611508966,0.11309169277944504,0.2370890801403657,-0.4899343742154463
0.2851076674524617,0.5895907579361475,0.35031793649007065,0.28375330483852534,0.39483742623608564,-0.3602743601001095
0.5683645954022881,0.5049745517826546,0.25473910097434627,0.43727428921167183,0.30306252070029965,-0.6628143930358955
0.6070302421141984,0.623100945983686,0.9590305627827125,0.7293762814727923,0.6129387813597068,0.8498857716430344
-0.0591665144637324,-0.15272748420851362,-0.14801739845593279,0.06632452044325496,0.01071777345984783,-0.3602743601001095
0.6302102703042614,0.11729188691831877,0.4318247272250512,0.5716229335781804,0.29229394633889005,-0.6195943883307834
-3.183542566241814,-3.478023343902426,-1.7325702999528065,-3.0734645832036884,-3.118643653894751,-2.607714604765948
0.13627329202407604,0.17629446357189238,0.5266647555976018,0.22807905233925158,0.192936945406508,-0.014514322459211313
0.5913352672146034,0.39342895429724706,0.7354025657305782,0.3919097541559669,0.3630529844585254,-0.1873943412796606
-0.4121346139161053,-0.5784002875272185,-0.5397909594826354,-0.4825756839067656,-0.5318341621640919,-0.1873943412796606
-0.2758143471318463,-0.15162836594099938,0.29901050753702224,-0.3566117429031589,-0.029387572182779747,-0.3602743601001095
-0.010501286784525311,0.1784469863272591,0.04223535778605785,-0.07081383832422039,0.051099437389091555,-0.6628143930358955
0.9963993375686417,1.123835775506623,1.1326923881450797,1.0679097911899862,1.245454855875223,1.4981858422197185
1.2115479084348144,0.859896337074774,-0.04040691506829938,0.8606795802382474,0.9096379912445731,-1.181454449497243
-0.9282746239568621,-0.21032684658204093,-0.9303819332365375,-0.9306527200618826,-0.75216370091809,-0.23061434598477273
0.9776630673320778,0.6275828839461532,0.8342961165161853,1.0579490659065396,1.2065625671078841,-0.05773432716432344
-2.8083511747342498,-2.989021055307403,-3.050884874297712,-2.755910614933757,-3.0564308856186293,-0.7060343977410077
-0.9566030181244608,-1.0452274178751244,-1.2305062202305095,-0.858551384356922,-0.9025631564123039,-0.4899343742154463
0.5683645954022881,0.7179272254467987,0.6089128326943589,0.7548282574816033,0.5830199779428499,-0.5547643812731149
0.5683645954022881,0.7179272254467987,0.6089128326943589,0.7548282574816033,1.562872058143857,-0.23061434598477273
0.9776630673320778,-0.004819556335814797,0.2708366673523186,0.931647247142816,0.5162117034105845,-0.5331543789205588
-1.2984369601107693,-0.97876753246981,-0.902805584734737,-1.0343189517777698,-1.4483799591674726,-0.44671436951033416
0.005578633712865156,-0.02740613859988537,1.2287174830090324,1.3105482576739844,0.338056957892598,0.5041257340021361
0.8930920952970862,0.8709650344197756,1.0595703147195565,0.8859048224869798,0.8695267664894644,0.2015857010663501
-3.244055563986507,-2.5198645097523955,-2.7100419009966665,-2.471933249075448,-2.9254834536205663,0.6337857481174729
1.5688719712306634,-0.1654299522875062,0.8843812906988141,0.6313339361588512,0.36527528897642125,-0.6628143930358955
0.15906612347249854,-0.2758505932821134,0.15814626505070623,-0.10401255113571305,-0.1295990041290973,-0.7492544024461202
-2.8083511747342498,-2.946628481116065,-1.947781349853669,-2.8573517437688736,-2.72398079273555,-2.607714604765948
-1.5732633543544885,-2.3547264620585744,-1.9574131141195588,-1.8765815213493477,-1.9010383052496107,-0.6628143930358955
0.9435559869098532,0.5854228537643983,0.2783511789327337,1.34759699864681,1.1056084072847738,0.8498857716430344
0.3697349180836231,0.2502673092867972,-0.047351206370424566,0.3625544008658049,0.35246666258403436,-0.23061434598477273
0.009209728737685009,0.3773178283000136,0.23603091740924803,-0.1728662591595495,0.09072269580825987,-0.576374383625671
-1.542082760933048,-2.2841105978153355,-2.4901104188790084,-1.9774624844242703,-1.8053694675471055,-1.0950144400870183
0.7301880708264648,1.1920625978736383,1.3996744808774269,1.2697117291798472,1.1433817049765234,1.5846258516299427
0.04619151985222112,-0.21950140340454705,-0.06839977229511114,-0.018596164226143647,-0.13419059097691877,-0.878914416561457
0.005578633712865156,0.22103831608234265,-0.6306964679349879,0.1991082572892222,0.09309393784234617,-0.403494364805222
0.320076935967995,0.6107542503637978,-0.03215855478191151,0.5641407194955907,0.7055014879679757,1.3901358304569378
0.5106430160275747,0.28474146181850346,0.06856961776862802,0.4413443824930801,0.2815273316816412,-0.9221344212665691
0.4075676415722326,-0.1338814816541381,-1.3390439313750144,0.5960501619066365,-0.2568523937848016,-0.576374383625671
0.33386969431707986,0.2417426831577406,0.04075774349970812,0.06017825724112694,0.27681620288003506,-0.3602743601001095
0.08597598505596941,-0.9856921763107135,-0.45360836246568026,-0.5153898384781257,-0.2568523937848016,-0.7924744071512323
1.1986848724944426,0.6384249999484857,0.3114066005433154,1.0215738575739464,0.9357667268152119,0.0935356893035694
-0.6595330715309288,-0.8856684388556477,-0.7152155092704983,-0.7102519451055834,-0.7754116713729399,-0.6628143930358955
0.7559591655841461,0.6627169049494951,1.090982014397504,0.3843475163933492,0.6918933022781445,-0.6195943883307834
-0.3059008846437626,0.05228291712834834,-0.15512283896714027,0.12920534990502297,0.04995497015941694,1.0659857951685958
0.5683645954022881,-0.2758505932821134,-1.8703057685643347,0.7548282574816033,0.5830199779428499,0.2015857010663501
1.6939365187811342,1.2148161348112547,1.2287174830090324,1.8662682578663654,1.562872058143857,-0.3170543553949974
-0.009362207998065655,-0.24067284605474754,-0.1370468561453633,-0.31726898976953927,-0.1973930098540442,-0.9653544259716816
-2.2455652130448267,-0.7727395026465694,-3.109915069193682,-2.023771743480302,-1.8666102225596686,0.28802571047657477
1.335799793056606,1.6213607026750663,0.9469889980364004,0.9063886616940714,1.1174842144968096,-0.014514322459211313
0.9741310226365151,0.9993154148198893,1.542043609054708,1.2798458391033563,1.1352018998110038,2.794785983373087
0.5683645954022881,0.27624863657964627,0.8843812906988141,0.6313339361588512,0.36527528897642125,-1.0517944353819062
-1.9239735565285636,-2.5473424664402495,-2.3130223134097005,-2.4207136480977165,-2.4265251370447696,-1.0085744306767936
0.5683645954022881,0.7179272254467987,-0.010891817620314496,0.1991082572892222,0.5830199779428499,0.24480570577146224
0.1711029896211119,-0.10047862161102215,-0.047351206370424566,-0.16047592603525976,0.06427452845947436,-0.10095433186943596
0.35231106470971835,0.3979486558168259,0.7259666597341877,0.2902952406807894,0.4419585127729523,-0.403494364805222
-0.5572073279765578,-1.2696284120110255,-1.8703057685643347,-1.468051743287921,-0.3968321022581575,-0.5331543789205588
0.5683645954022881,0.3204160979552335,0.8568346928202274,0.9771162575585549,0.5830199779428499,-0.7924744071512323
0.20527760435873965,0.17295139498968795,-0.270810616557675,0.03776940395336935,0.330155430717857,0.46090572929702367
-1.750995663343702,-1.359972753511671,-1.4195392009206822,-1.1986120126346458,-1.6142238431498137,1.2820858186941573
-2.296726959250089,-2.2634062307399376,-1.8703057685643347,-1.7711725517128563,-2.089303164531112,-0.5331543789205588
0.9293962921137475,0.4179196148620027,0.5621349361258102,0.8596815071179026,0.5645321288936169,-0.7924744071512323
-1.1350016656923148,-0.24272400347260387,-1.2257089322370749,-0.91233174309554,-1.1545850308483234,-0.44671436951033416
-0.18532286677988025,0.31516298840543255,-0.1665247653143285,0.13545831134718803,0.20748186968501184,0.4176857245919115
0.6175700976047176,0.9297151915073912,0.8934130840631981,0.6090651243111429,0.5723121544104134,0.4176857245919115
0.3248200960531137,0.5159756722359838,0.08153593105321116,0.47696825738541276,0.5271507720339486,0.9363257810532586
0.6549480900362825,0.6414818605188959,0.561234979773553,0.5838376591824095,0.5453329072341587,0.2015857010663501
-2.560063515299957,-2.3364787137510743,-2.003990193981406,-2.307080022458379,-2.404568611631625,0.3312457151816869
0.438998111960664,0.6735490831736406,1.086244227650499,0.740181701156533,0.7738265735203919,1.4981858422197185
0.4526512993912494,0.5182434732183233,0.776897247459845,0.15236553663304103,0.4731295671483071,-0.8356944118563449
1.0373521464288575,0.1796315694871836,0.2473609464169996,0.6622075164895398,0.338056957892598,-0.878914416561457
1.6939365187811342,1.4632605894934827,2.1584244584810426,2.144128257962556,2.0527980982443608,0.6337857481174729
0.7764535791650297,0.951757183526799,1.2182998064465427,1.3385676600836838,0.9576683805118645,1.71428586574528
0.8954535451923332,0.11061767508773546,0.2327930579160041,0.5220904985210335,0.49089624506651136,-0.7924744071512323
0.04675880810160338,-0.17889762928692107,0.09492866993720984,-0.1397453471480838,0.08114366187221438,-0.23061434598477273
0.005578633712865156,-0.19303511253615843,0.1957089060783765,-0.2639910019110953,-0.15186908220790565,-0.5331543789205588
0.8157427927224911,0.8926572166469914,0.5680453932712102,0.44948679193589886,0.5830199779428499,-0.5331543789205588
0.8788671173294235,-0.16447990069280183,1.1218557236389781,0.5440369927686305,0.16911674133682167,-1.224674454202355
1.3230087937193284,1.522549374158849,0.932902077944048,1.4936824494173815,1.5545217587163849,-0.23061434598477273
-0.29755364325998496,0.4033726951514483,-0.24099057522173561,-0.25286104174724233,-0.2254638122476431,-0.44671436951033416
1.3388073212358746,1.0184933391657207,1.8803974468800897,1.3268797570396385,1.2289227915780705,0.8498857716430344
-0.13511785670949059,0.09681608874122864,0.14405934495835387,-0.07875174280696834,-0.15186908220790565,-0.878914416561457
0.7797154865989816,0.06264205711077894,0.1054901411785728,0.3131642301287064,0.23643453895079133,-0.7492544024461202
0.8129986483732937,0.8869151684103745,1.0877268003740521,0.8987641832914324,0.970326109683902,-0.1441743365745481
0.3053814689363611,-0.17368625840550642,-0.2136323979568456,-0.37738677939035054,-0.13126475266543863,-0.7492544024461202
0.23936892677403876,0.5891833090304681,0.3182542023199923,0.4501936677761436,0.5200742803107373,1.4981858422197185
-1.4689205859134227,-1.7665173213754815,-1.8455135825517484,-1.5013949432994642,-1.553057556895346,-0.6628143930358955
0.5797914015684299,0.6851385200956566,0.7662242113814252,0.7999638358972275,0.8366880038736075,1.4981858422197185
0.6164670371198061,0.28474146181850346,-0.0797595519260787,0.16586064111771268,0.36527528897642125,-0.9221344212665691
-0.5572073279765578,0.22103831608234265,-0.010891817620314496,0.1991082572892222,0.5830199779428499,-0.878914416561457
-1.6827792513554038,-0.2758505932821134,-1.8703057685643347,-1.468051743287921,-2.356536262660172,-0.44671436951033416
0.16054962726751126,0.026603698292393604,-0.03784092381599689,0.27159415123431535,0.10019394601548297,0.6337857481174729
-0.2758143471318463,-0.02740613859988537,0.7328737627572932,-0.023179742787730426,-0.07838017619282994,0.2015857010663501
0.031935025870704334,-0.037671863467354766,-0.012599999236581587,-0.23720085214182063,-0.03512362626027669,-0.44671436951033416
0.8171745202090291,1.0987011469153312,0.538450960827986,0.9654172401145064,0.9213276265613707,1.0659857951685958
0.8883106657665724,0.8439104270827011,0.8939262823136599,0.8720985148021994,0.8931784360013552,0.24480570577146224
0.7456196618959884,0.37362693748125486,0.4429812109307158,0.4310235506495078,0.4981510698683198,-0.7060343977410077
-0.26982630449947065,-0.48729272466178936,-0.4197000896562652,-0.09648810233310877,-0.5427673516749747,0.6337857481174729
-0.4706238333425635,-0.7854797342826737,-0.4717711179385024,-0.6415960734018156,-0.7736988899367484,-1.0085744306767936
0.9956361998045922,0.4223280132658834,0.7493779209858737,0.5785094158205645,0.6468632200804266,-0.7060343977410077
-0.5206622587682938,-0.06935151277279487,-0.17187987749304823,-0.5298229983231219,-0.3522939058047006,0.6337857481174729
-1.4823351520962524,-1.6371910511573755,-1.6665338332896802,-1.5746277249248157,-1.5914462016934616,-0.6628143930358955
0.08410753566316029,-0.2527392963297539,-0.18385946177433013,-0.07228983064473134,-0.23732198212223532,-0.878914416561457
-0.020003364961689096,-0.7727395026465694,-0.46165838526396724,-0.5334307325643707,-0.5749868477761441,-0.576374383625671
-1.0887271527783637,-0.7727395026465694,-0.7339980693936337,-0.7270924839914129,-1.0500661691574424,0.4176857245919115
0.9201058214581775,1.3700939189876473,0.8413395765623615,1.21792751668192,1.2464621438136694,0.6337857481174729
0.5432125652024647,0.5513720505834706,0.6573889940047706,0.5933893745457156,0.615864619671187,0.4176857245919115
0.6646977940365892,1.0536631361705366,0.6591665937418727,0.895009738970131,0.9537744483451462,0.5473457387072483
0.17249419651840767,-0.3228006325501422,-0.4484962137098848,-0.13198971882539876,-0.2553845753686607,-0.6628143930358955
-0.5811549962183665,0.1946078012154289,-0.03726574510050484,0.234578753461502,0.08267027141316771,3.22698603042421
0.4980163501911103,1.2769272484818117,0.14405934495835387,0.9632232575537462,0.6442607329554128,0.6337857481174729
-1.970034210777072,-2.320341749530555,-2.2189458843663386,-2.1395460025603814,-2.3003985772812956,-0.7060343977410077
1.5688719712306634,1.5092685273893565,0.9073363757278687,1.536953031512362,1.8169085084567698,-0.403494364805222
1.05361215843399,1.0050177119437567,1.0014549514874513,1.09937465760088,1.1567782426170312,-0.014514322459211313
0.6934291429527588,0.9387665198803754,1.2287174830090324,0.8783225788043554,0.8824196601607481,1.8871658845657293
0.1462751241352209,-0.2280737308689022,-0.08240735739222314,-0.1749335375602649,-0.16129133981111884,-0.44671436951033416
-0.08256940589462554,0.3926538075986387,-0.043250578803943125,0.30177197012476253,0.386261760830167,1.4981858422197185
-0.4958118818439351,-0.3481260664826294,-0.22500705289942058,-0.07369913656521879,-0.28994003882902947,-0.23061434598477273
-0.5572073279765578,0.15005475404617388,0.07765099550503855,0.278496193636705,-0.5368118107315134,2.1464859127964027
0.8497575762469997,0.09681608874122864,0.6089128326943589,0.47696825738541276,0.09309393784234617,-0.7060343977410077
-0.28355828196469257,-0.2097504554471788,-0.30942196705367786,-0.12208678842197031,-0.14962130153592454,0.6337857481174729
0.08597598505596941,0.859896337074774,0.4318247272250512,0.278496193636705,-0.3968321022581575,-0.576374383625671
-3.0334655594100193,-2.064650666994155,-0.8786183280608575,-1.9126277434418264,-2.356536262660172,-2.607714604765948
-0.15074979958137563,-0.13782677959449258,-0.251926408471887,0.013868998185095209,-0.3423954400905102,0.3744657198867994
0.4002919446595124,-0.532163780733037,-0.6811783170938175,-0.05486245143869861,-0.23721811780173427,-0.7060343977410077
-0.4581254827053643,-0.25835414100557236,0.10695783859051722,-0.19224310412625714,-0.1794715153071683,0.2015857010663501
-3.3199753902184104,-2.925924114040667,-2.5088929790021437,-2.6131728214443433,-2.9800788518252066,0.6337857481174729
-3.0897441555789613,-3.0087395947866216,-2.1802080937216717,-2.8573517437688736,-3.3363883428611794,-0.6628143930358955
0.369514305986641,0.7013649243198629,0.241162899913853,0.5362457983659341,0.6156823671842702,1.4981858422197185
0.19317320389472414,0.42807602416941165,0.7122144341530058,0.3843475163933492,0.338056957892598,0.4176857245919115
0.04309844820677558,0.2707272070187881,0.41264053368851195,0.11575025726036485,0.1175902398473717,0.7202257575276972
0.15682398420112736,-0.02941158223807995,0.15710499323817737,-0.1912428081259112,0.006635709693729887,-0.403494364805222
0.2262785253051425,0.07489533761570595,0.6453722214444702,-0.23674960750166452,0.14112628681379918,-0.878914416561457
0.22681204639682367,0.5808534633538822,-0.01516599048888408,0.11862444110135982,0.15729188643295575,-0.1873943412796606
0.3992969390792454,0.5052667224613612,0.7772542549384255,0.7708374392471462,0.5527778233395257,1.2820858186941573
0.30063155541970227,-0.31444296109463155,-0.5584867469547267,0.09659570029373364,-0.12570703166653882,-0.7060343977410077
1.2871188073704705,0.9956344617793184,1.1328113906379411,1.0923681398384544,1.0661576028317206,-0.5331543789205588
0.18444777034469134,0.4444455323995145,0.008327084976642852,-0.011978650463852757,0.13866881779665532,-0.44671436951033416
0.3151109126420482,-0.002561693131662216,0.28351539127915515,0.4491822573757933,0.22782359886998485,-0.014514322459211313
-1.6867142507995365,-2.3919712671488966,-2.4337652177282014,-2.0082271436349206,-1.9042972932683597,-0.403494364805222
0.5120859992333461,0.022282752336560057,0.4849519026314247,0.4213962573661748,0.19107914586244656,-1.181454449497243
-0.5183953569146088,-0.8412763836930273,-0.4169704699762799,-0.6823792527759337,-0.7516051852323756,-0.5331543789205588
-1.3821907669293896,-1.9129147069637122,-1.4259182303817206,-1.916500000403166,-1.6966646777696055,-0.576374383625671
0.26390639470369737,-0.1047896297886679,-0.010891817620314496,-0.07419706168539165,0.09309393784234617,-0.6628143930358955
1.8989076683161163,1.827152213377449,1.743437973690756,2.0424937385673725,1.9489670927137805,2.0600459033861784
-0.05502891207339225,-0.658073442810353,-0.7260521737765998,-0.33951334993723964,-0.5325043809869491,-0.6628143930358955
0.6423641959329075,0.7076118116883929,1.2994917364191634,0.7894407219735846,0.7423733217459397,0.6337857481174729
0.005578633712865156,-0.08951725227044238,0.29901050753702224,0.06017825724112694,-0.029387572182779747,-1.9594145341892641
-0.3665376953000279,-0.6668445258384543,0.9205084641563565,-1.0611313303470524,-0.921562488247401,-1.0085744306767936
-0.5572073279765578,1.711705044175711,-1.8703057685643347,-1.468051743287921,-0.3968321022581575,0.6337857481174729
0.39952880689546083,-0.0936573306632667,-0.19683321271471696,0.3287755163741113,0.06043154860092582,-0.576374383625671
0.8634400285475919,0.43429111064774245,-0.1563426145189594,0.32482101285274234,0.35100472328037374,-0.6195943883307834
0.6152626751617903,0.5522982515105257,0.9188151578516957,0.5232775164414445,0.338056957892598,-0.4899343742154463
0.37910868106152273,0.594804116373199,0.6418219804074669,0.6466340192041483,0.5223220609827184,0.5473457387072483
0.2820348561016368,0.2384731541341227,0.3370689922849442,0.25760556738947304,0.19623708721262503,-0.23061434598477273
0.37490579549962544,0.3297337587836363,0.1150053821702037,0.0775433958071383,0.17730046591065998,-0.878914416561457
-0.0443719971028413,-0.740397997313856,-0.733385702399123,-0.3500342409808815,-0.3678421986133304,-0.403494364805222
0.2722648918067084,0.37166323251144656,0.08845047173212149,-0.062293539281270356,0.28257773311161727,-0.5331543789205588
0.005578633712865156,-0.23762791081816198,0.08446388822129737,0.11361184669962476,-0.17071163771017134,-0.44671436951033416
-0.08821977694998737,0.05540934214606959,0.1957089060783765,0.3843475163933492,-0.07021408895643512,-0.4899343742154463
0.4379850972296224,0.718756036147618,0.9952569049843057,0.8131788575018035,0.8320650617592188,-0.1441743365745481
0.5216601140136061,0.33718510486846565,0.5026113767281903,0.42277888872665326,0.4081908503850656,-0.5331543789205588
-0.1416124067073866,-0.9289037366372684,-0.8023352509187281,-0.5862285783426484,-0.6918636039025201,-0.9221344212665691
0.25914072318011105,0.29202187811851144,0.7451334987405179,0.44948679193589886,0.23845695364432604,0.2015857010663501
0.7090610858246439,1.0905939074701407,1.073766320430364,1.72733825781827,1.4403905481187314,1.4981858422197185
0.7422587041327793,0.7597990600611235,0.4017319718429738,0.6580462851280989,0.6697212094073551,0.7202257575276972
0.8560675324494618,0.6377114674746384,0.9646757435377793,0.8794295730447373,0.7455970350898008,0.677005752822585
-0.49259724843076563,-0.5070311396973828,-0.20750624879313564,-0.4338412627698949,-0.4589978376344298,0.24480570577146224
-0.07295026823742998,0.3365948008441403,-0.3280012312515102,0.06987001404448237,0.1614562577738099,0.6337857481174729
0.5447298361551796,0.5066520487406696,0.5991521490612033,0.3347572864561821,0.3412708727156575,-0.7492544024461202
0.9090414494513644,0.9597372194111919,1.1827378948300893,1.0483528929432167,0.9988025708387034,0.2015857010663501
0.7315972868745362,1.1223212581108803,0.44524225829506375,0.8245933463057553,1.0199242622795166,0.6337857481174729
1.018593364753827,0.9708893940929678,1.1272951292501403,0.9569080554715598,1.064039162634326,0.0546376850689684
0.3642556339606147,0.536843018873654,0.5401665801000569,0.47109763130338017,0.4199980679514872,0.7202257575276972
0.5978748400894348,1.4902456323832471,0.3582043308606748,0.6195415577547692,1.2399245707345683,2.5786859598475256
0.8007771884292454,0.6585728514453953,0.4523749702108845,0.6694785569720564,0.6917071303829064,0.028705682245900817
0.7460856486722683,0.3648737424538904,0.42949674095846985,0.44771960233528785,0.4154143199203067,-0.6628143930358955
0.03943133488040757,-0.3356263290786576,-0.07147400336067225,-0.13933856010794238,-0.194232007043316,-0.7060343977410077
0.6616159781103791,1.2132082023005508,1.105559819772906,1.005891439168517,1.0060377985989077,1.5846258516299427
-1.2996053037672368,-1.8052826065284588,-1.9670126485436321,-1.1133378900451247,-1.3905824043647361,-0.44671436951033416
0.23657300611636578,-0.28326616336546884,-0.003952484755391422,0.01663203802605196,-0.06594977270340042,-0.6628143930358955
1.1030112590072396,0.9713405692226721,1.1605389714744188,1.0160166575720218,0.9896585912262671,-0.23061434598477273
0.1674763968839852,0.45246531939665685,0.6853273084223536,0.45793595881882415,0.1937639405621975,0.2015857010663501
-0.06353598467028902,-0.7117175694653397,0.10147132782593223,-0.4703565125425353,-0.33666526512549527,-1.181454449497243
-0.6197396017517932,0.16582799558503905,-0.424095744236297,-0.4801060642259109,-0.28795877792286284,1.109205799873708
0.3610229913966707,-0.04048226713872018,0.3153212867147029,-0.03487876023177998,0.2993782768787432,-0.6195943883307834
0.7591400318396155,1.1053316325218905,0.5038609029032244,0.7171526643485608,0.9816042071270151,0.6337857481174729
0.23845496237225533,-0.4471918021204399,-0.716187362962191,-0.05000768151701756,-0.27857375469869816,-0.878914416561457
0.5481448213707104,0.33707777686404294,0.41592053989797767,0.6416881112024357,0.5302137896366569,-0.4899343742154463
0.5683645954022881,-0.2758505932821134,-0.13485274768324873,0.5325402574046506,-0.10287647819785548,-0.7924744071512323
-0.3571054025821134,-0.5519002082129928,-0.21749254131900547,-0.40600858228025966,-0.49481731027825787,-0.44671436951033416
-0.324279223008693,-0.5465198951023944,-0.7266868537385216,-0.6585855452476976,-0.5616667385978922,-0.4899343742154463
-0.1383279878349669,-0.813897804787046,-0.4833713817737915,-0.7288707879920284,-0.612093846053356,-1.0950144400870183
-0.853410584189088,-0.5896756906585163,-0.8916664555592815,-0.3566117429031589,-0.5515448666094152,-0.23061434598477273
1.1136929365601043,0.9043519940177932,1.3275936792644327,0.955938879791225,0.9759739770741799,0.07192568695101333
1.4828917831476005,1.3856226911831044,0.8897611950635445,1.2671331883789554,1.325563642544135,-0.6628143930358955
0.24715788448382042,-0.4569705758567329,-0.609888386214624,-0.30863532384654996,-0.31929052803937047,-0.6628143930358955
-1.495184681173545,-1.6008883474392084,0.1957089060783765,-1.468051743287921,-1.539992209257946,0.6337857481174729
0.7735473524588651,0.5005383275998492,0.6089128326943589,0.5869541369434876,0.7106045576016623,-0.23061434598477273
0.3454788431348095,0.3243514581174002,0.3634453989837361,0.5567496434930315,0.43749822610387784,0.2015857010663501
-0.188609536796147,-0.20123775465194685,-0.08613858138711715,-0.3388576003370128,-0.18239147450616727,0.6337857481174729
-0.16042296469089393,-0.14001110324005864,-0.844729889000252,-0.5005387771929836,-0.37215942687869635,-1.0085744306767936
0.37904790017765977,0.8060614050785901,0.6695669157741534,0.5169045194792379,0.5320794279973602,0.28802571047657477
0.7970898148082568,0.4947267149159222,0.7613773390159652,0.6419015076825099,0.6878171176245077,-0.7924744071512323
-1.3502245243054298,-0.9985973750647269,-0.7715607104213039,-1.6953923496066223,-1.4657625350702386,-0.7924744071512323
-0.4768099766334536,0.008085642418198577,-0.27652273621497525,-0.4359996792506417,-0.2568523937848016,-0.576374383625671
0.02078961268540666,0.3150437350671852,0.20687778587704686,-0.14633840923036576,-0.07904255619904615,-0.7492544024461202
-0.4037198382169245,0.3113826575829881,0.21449146620151185,-0.3060923491256695,-0.30775374964708385,1.71428586574528
-0.016234950162216825,-0.6779847751864048,-0.6537581593638961,-0.3445503960189836,-0.495577675492494,-1.0085744306767936
-0.8080500356769202,-0.36103126523664364,-0.3331902357839444,-0.4328254066095424,-0.503216602309741,1.71428586574528
-0.09864032181662871,-0.45988433242124555,-0.21749254131900547,-0.31544622816890816,-0.3968321022581575,-0.3602743601001095
-0.21953575096290423,-0.21125503506473373,0.013900368392271913,-0.25102494286660676,-0.19596242581695092,0.28802571047657477
0.5091234939310127,0.770231739602138,0.8698828203186525,0.8718228776821049,0.7893043169792469,1.4981858422197185
0.49162085052247145,-0.23067941630960911,-0.1517560601066305,0.22436906561796693,0.11536401592115453,-0.5331543789205588
0.7584601863978956,0.3380834800165968,0.8788724669668158,0.6560345787274027,0.5612457050166229,0.2015857010663501
0.33938724788548247,-0.11265637500172666,-0.07469450832370714,0.07379784300584229,0.04025835397374743,-0.6195943883307834
-0.5572073279765578,-0.7295320306438735,-0.38816442904825504,-0.40493493123988794,-0.5033381039676863,-0.6628143930358955
-0.18262374530761838,-0.5921263467595019,-0.4684861532918346,-0.3350653670557,-0.46648194782300517,-0.5547643812731149
-2.706025431179879,-1.7213461444029772,-1.6449224847425086,-1.7711725517128563,-2.1783815171421854,-0.44671436951033416
1.318745127273569,-0.2758505932821134,0.6089128326943589,0.7548282574816033,0.5830199779428499,-0.44671436951033416
0.2994722163386219,-0.1787286870577365,0.11943326659205078,0.06251005836193434,0.030704796191787242,-0.4899343742154463
0.20818157992105712,-0.19634836778380035,-0.3331902357839444,-0.17878134284159677,-0.1420705614058958,-0.6195943883307834
0.6031762838485484,0.8964852488047353,0.5431887475749909,0.9201527346588353,0.9538920305947711,2.362585936321964
-1.241996281584861,-1.5545584255300666,-1.40220202524208,-1.32815034467949,-1.4246499014891645,-0.4899343742154463
0.10006139210513271,0.5873587329552818,-0.06970632049797433,0.1950515012878174,0.5258024955715924,1.4981858422197185
0.05347622134032855,0.6058628759400145,0.8832086203004178,0.38356061687307635,0.3245056036234185,0.07192568695101333
-0.19591224743502902,-0.07954966074859096,0.21101312250394635,-0.1919541297261572,-0.1911846670738905,0.2015857010663501
-0.09543469297884555,0.09108199072716276,0.3482775395812347,0.30455279300572496,0.16092909735466204,1.4981858422197185
-0.09131960202697312,-0.24412125508573695,0.20324820984480435,-0.3274631174530678,-0.11192639201059157,-0.403494364805222
0.724384621989524,0.944232297883384,1.3698618771972901,1.2280149461254122,0.9710805957856561,0.4176857245919115
0.8951428873414812,0.5576408010640124,0.8088494167928654,0.8982395836112504,0.7410603199584695,-0.6628143930358955
-2.9076671389655058,-2.7602951401043936,-2.5994885851293397,-2.7102504368379496,-2.500631349870372,-2.607714604765948
-0.8177569679441395,-0.24824543303346203,-0.11419341907896023,-0.4389405494916602,-0.487558566068129,1.5414058469248306
0.3276002587038591,0.021752074981358782,-0.18655933083110057,0.1901922856061352,0.09047381337988883,-0.23061434598477273
-1.6669266963865357,-2.03945641173374,-1.6258746482290376,-1.6519861718315965,-1.6733990699773131,-0.7492544024461202
1.6939365187811342,2.705482862904623,0.6089128326943589,1.8662682578663654,0.5830199779428499,-0.6628143930358955
-0.2247426466804548,-0.37841045173057414,-0.8071523726609744,-0.439674099891914,-0.4212421772801246,-0.576374383625671
0.28697161455757664,0.4517358864777094,0.7195925887103503,0.45712016185854126,0.32055875944436807,0.24480570577146224
-0.4033799154960645,0.03553378577149177,0.04282541181315733,0.01757231626637761,-0.22699042178859644,1.0659857951685958
1.318745127273569,1.711705044175711,0.6089128326943589,1.4957875167781103,0.25640196464112747,0.2015857010663501
0.7326238084686572,0.8011382297646075,0.7779509153653796,0.5421119786879646,0.7189803331832215,-0.1441743365745481
-0.5572073279765578,0.05540934214606959,0.1957089060783765,-0.3566117429031589,-0.5601401290569388,-0.7060343977410077
-1.495184681173545,-0.9383684765828425,-0.7684319365465163,-1.035826064418292,-1.2133761556603835,1.4981858422197185
0.7047366384950218,0.5328301440416262,0.8106567671531846,0.7407596499567329,0.884240225325762,-0.014514322459211313
0.44943666597807896,0.9016827067966867,1.0205573308101508,0.7128869576270842,0.671761261438335,0.6337857481174729
-0.09393768232075238,0.4906919769718829,0.045797994916066925,0.17538790480101088,0.35896896098824765,1.71428586574528
0.3054962772725458,0.568393477062659,0.5117646518040375,0.5928158715055168,0.4877999124930759,0.9449697819942816
-1.5768426730708336,-2.0412670749194635,-2.1036448648776003,-1.8014837434033495,-1.7455690950924383,-0.878914416561457
-0.21186160158930728,-0.6146393894649869,-0.10949777904817612,-0.43239194500939293,-0.4079671412975621,-0.6195943883307834
0.19317320389472414,0.1216605342094518,-0.010891817620314496,-0.09727500185338062,0.02777111906366614,0.15836569636123798
-2.029108727603688,-2.4162949730401055,-3.3006240016583037,-2.323004734783892,-2.4319104040775543,-1.181454449497243
0.8497575762469997,0.22103831608234265,-0.010891817620314496,1.0326882575777938,0.09309393784234617,0.0
1.0577430073927898,0.7179272254467987,0.6628085658671221,0.8031514458183323,0.923838007590845,-0.1441743365745481
0.6296587400618067,-0.24633340451022692,1.2921309363920281,0.2999825517241437,0.18687558043838498,-1.0517944353819062
1.8064937111190182,1.9270229090484292,1.04277608791463,1.8106962578471266,1.8894900714455805,2.362585936321964
1.589836873875519,1.5451180684221824,1.0173393050657165,1.55789256111961,1.6138478827642337,0.2015857010663501
0.5683645954022881,-0.2758505932821134,1.8485221333237059,1.8662682578663654,0.5830199779428499,-0.014514322459211313
1.4125435379364226,1.4658483869334527,0.7509522247976729,1.4060631884270507,1.5730781974112302,2.5786859598475256
0.3244419038868585,0.2612565044063017,0.11371618849754844,0.01773680938643484,0.3092747828887738,-0.6195943883307834
-0.35940832273734646,0.19401153452419118,-0.2935648848800271,-0.33801068305671966,-0.36403449342966965,-0.7492544024461202
-1.161173464054719,-1.9240668816454882,-1.9307739102490342,-1.3867276784597677,-1.6156720645243512,-0.6628143930358955
-0.492889897130844,-0.16227570149086107,-0.48902647940326255,-0.277223806555676,-0.3268432278735599,-0.878914416561457
0.03303133292407561,0.7300473397240159,0.019342253222035716,0.22621627889860696,0.49937392526441104,1.71428586574528
1.031834592860455,1.1855871416067993,0.681831610194579,1.0817227675147678,1.274679924019298,-0.014514322459211313
-1.5702220590175195,-2.24353067436536,-3.0107463251433337,-2.0682293434956924,-1.9254013473717286,-1.1468784457331531
-0.12792995440679328,-0.7092689009199911,-0.24840839727670133,-0.4671466738214246,-0.47908284557439085,-0.6195943883307834
-2.5269581938895382,-2.3876284580810516,-2.33515925630034,-2.5794917436726834,-2.2340547526350463,-0.44671436951033416
0.41716877007865455,-0.10527658091984518,0.4701509675819102,0.07469366364615225,-0.031215976164434535,-0.6195943883307834
-0.6257524069664827,0.12548260370028255,0.11227328327161568,0.2276078017790887,0.12763960278191328,-0.6628143930358955
0.08526462360039352,0.4936673477611574,0.09880864704818035,0.16468251471730502,0.17980692753181465,0.9363257810532586
-1.042747539708337,-1.3086004029502982,-1.10466356324922,-1.2392262531287055,-1.3574712428705837,-0.6628143930358955
-0.7448018981584168,-0.7727395026465694,-0.21749254131900547,-0.1713724837990319,-0.07021408895643512,-0.014514322459211313
0.7559591655841461,0.7179272254467987,1.0221167593103424,0.3843475163933492,0.25640196464112747,2.794785983373087
-0.7823217126523272,0.05540934214606959,0.1957089060783765,0.013868998185095209,-0.6581253370770391,-0.23061434598477273
1.3864032555878714,1.4130290958680105,1.1440447301202445,1.2832179480645232,1.3433420786873034,-0.23061434598477273
0.5945408960523866,0.013038631066743795,-0.19827363872204812,0.5609731154944937,0.3095726579211548,-0.6195943883307834
0.005578633712865156,0.3866672900186157,0.1957089060783765,0.1991082572892222,-0.15186908220790565,-0.23061434598477273
0.2643003448768801,0.07738773238507868,0.49141522552490563,0.10165942093548662,0.025758502890933052,0.2015857010663501
0.05674037991812759,0.582411706973649,0.5525676315435523,0.35066866150169035,0.6275581743963059,0.8066657669379222
0.005578633712865156,-0.2758505932821134,-0.6306964679349879,0.1991082572892222,0.5830199779428499,0.6337857481174729
1.9969742477124213,1.1765934523473025,1.3240731888506443,1.6097812489775742,1.336751593595871,-0.44671436951033416
-0.714262880733302,-0.5994067630595099,-0.37124376209466425,-0.5633907092147425,-0.44240698221246666,0.3312457151816869
0.4491867890110889,0.2853417036210158,-0.2806903026836901,0.4279337474484377,0.28330086394680487,0.17997569871379404
1.5688719712306634,0.9387665198803754,1.1598497487032693,1.6192818381008625,1.236254044842134,-0.3170543553949974
0.9871831546600172,0.9259269104623967,1.070164015802736,1.4010150279453022,1.0615522980547762,1.1308158022262644
-1.0194954749151768,-1.0896333859272072,-0.8710294399224042,-1.0144019469708747,-1.0917275199034282,-0.6628143930358955
1.6939365187811342,1.711705044175711,-1.8703057685643347,1.8662682578663654,1.562872058143857,-0.6628143930358955
1.6001381081182806,0.6351117447008437,0.5056112312357132,1.0789975166338246,1.0729460180433534,-0.6195943883307834
-0.3757628827840408,-0.09121462478483118,-0.3529694417847864,-0.13796704314746738,-0.08895473984235956,0.7202257575276972
0.777831279199244,0.7067869760988474,1.2231590749050107,0.9068421292142286,0.8356728771185183,0.9795457857583715
-0.2820680247381396,0.05540934214606959,0.16816230819979092,-0.08492690344910644,0.12575632708376652,0.28802571047657477
0.6652673334298206,0.6521132956236574,0.8469822780988266,0.6812220320161216,0.5700408572885076,0.11514569165612545
-0.05571551094665335,0.3292706583201083,0.32662652353644284,0.3586710295044597,0.2968247823577393,0.2015857010663501
0.7090610858246439,0.6135805544802625,0.8692307858265228,0.849300657514309,0.7985874355870721,0.2015857010663501
0.8207898572269214,0.16988857175236544,0.13038645437241234,0.21136744049346598,0.31283948475654466,-1.0085744306767936
-0.13721817391851518,-0.6318297581733598,-0.3346703292888958,-0.3068459054459311,-0.33833297336599727,-0.5331543789205588
0.19454415049739926,0.3153378933015295,0.29674946017267423,0.4181508525650508,0.2039524424921279,-0.2738343506898849
-0.1820159364689938,0.05540934214606959,-0.6306964679349879,0.3843475163933492,0.25640196464112747,-0.6628143930358955
0.24824743810565048,0.16177536964026273,0.1994996313197013,0.2857805713992272,0.025672275907875495,-0.23061434598477273
0.31823775144519384,0.6351117447008437,0.402312108995668,0.1682346769585347,0.44693028222789266,-0.3170543553949974
0.34325021072651873,1.446698288366546,0.9394744864559853,0.6066355164703018,0.9096379912445731,0.8498857716430344
1.2437077494295954,1.1154383529383638,0.6089128326943589,0.7548282574816033,0.5830199779428499,0.4176857245919115
-2.2455652130448267,-0.9383684765828425,-1.767004167105689,-1.282812484183794,-1.539992209257946,-0.5547643812731149
1.131150557091711,0.9663716801290267,1.2287174830090324,1.5884082577701748,0.5830199779428499,1.8007258751555042
0.2174788040081663,0.017856465931941526,0.33288655050462074,0.3183524320505021,0.21805447363038077,-0.23061434598477273
-0.5572073279765578,-0.7727395026465694,-0.010891817620314496,0.7548282574816033,-0.3968321022581575,-0.44671436951033416
-0.13511785670949059,-0.06881288519504443,0.6863884139836931,-0.03244248375093661,-0.33559134724559453,0.4176857245919115
-1.050268611300355,-0.5880558328139887,-1.4753860791326345,-1.064785745068317,-1.0254973580984823,-0.7060343977410077
0.8601803722574871,0.7271296080482278,1.2975852173147955,0.8886122903279164,0.9005645609819106,0.2015857010663501
0.27608958520235044,0.2347643753146261,0.28017588382325975,0.05480555627926724,0.24196678379560582,-0.23061434598477273
0.7090610858246439,-0.02740613859988537,0.4539616701156906,0.6506307574455318,0.5217792229302869,-0.6628143930358955
-0.2890037989299998,-0.02740613859988537,-0.5193250099292446,-0.1742666735600336,-0.025560269957514866,0.4176857245919115
-1.9197414060966584,-0.7988917597242391,0.34794284507006534,-2.053020398530427,-1.7892528605319598,-0.576374383625671
0.3136724317239699,-0.2951934847458531,-0.558310722434038,-0.02399109398801119,-0.19180197388441725,-0.3170543553949974
1.131150557091711,1.380445108747527,0.6089128326943589,0.9400675165857293,0.5830199779428499,1.5846258516299427
0.3807700252204292,-0.4207771876986254,-0.3466201629469628,-0.10190748377498425,-0.3560055854845021,-0.44671436951033416
-0.11390532824149295,-0.6672460120772205,-0.43617201804302824,-0.1890399340451487,-0.5325043809869491,-0.6195943883307834
-0.6550825601458886,-0.8807591764311274,-0.3535173490956652,-0.8467501144328365,-0.8532844355948341,-0.3170543553949974
0.8700989120463023,1.071137725335067,0.9860218156946167,0.8619555133586898,0.8604474571143216,0.9363257810532586
0.9396254897534126,0.9728749621747886,1.4504637531428126,1.0166857444522541,1.025918997306187,0.28802571047657477
-1.9641722322001154,-0.8969617299876834,-0.7081720492243221,-1.3985867432638734,-1.8053694675471055,-1.0950144400870183
0.04827382791047113,-0.4677530651899412,0.02757821741541666,-0.06533888488232481,-0.30222542421058984,-0.3602743601001095
-0.05695364006237019,-0.055011298848536734,0.16127503892549383,0.13736109662784618,0.09309393784234617,0.28802571047657477
0.021566257312538653,-0.7247440091132382,0.7568205352268511,-0.2839902532780186,-0.6334448228809362,-1.2678944589074674
0.5805995622094169,1.0122802402430278,0.6931244509233121,1.0900719047976584,0.9850787626034079,0.8498857716430344
0.3242640635229648,0.3826762782986004,0.5790432069863941,0.5472712831697502,0.5653120911494571,1.2820858186941573
-0.3320929433007884,-0.6733617207736786,-0.3827746078091183,-0.5788997429801115,-0.5928025182983592,-1.0950144400870183
0.5194269793176223,0.19943358630317579,0.8244982446040111,0.4165637162445016,0.49781596045689125,-0.6628143930358955
1.0864856120281907,0.7337024545413017,0.6285903907325494,0.9488901273087847,0.9594066381021422,-0.23061434598477273
-1.131028396802787,-1.2891144074806618,-1.1897354703328114,-1.271915926420022,-1.1653438066889306,0.5473457387072483
0.5683645954022881,0.00019902164876598737,-0.0797595519260787,0.3843475163933492,0.4741466536075552,-0.44671436951033416
0.15518064919299449,0.34054407389576935,0.20094005732703246,0.10766119693756515,0.049682571281120406,-0.44671436951033416
-0.44571267553434285,-0.8618038583166924,-0.6657798903613997,-0.7602956425629078,-0.7088130851858373,-0.878914416561457
-0.6322447058205316,0.1216605342094518,-0.5480566742992323,-0.5048044839144603,-0.46215492103683753,0.11514569165612545
0.6796859097683036,0.6087209809466785,1.1265513636697622,0.9013916274523419,0.7445348754348624,2.1464859127964027
-1.4161965458785108,-1.557301252309759,-1.087395805691453,-1.4826760708129836,-1.2090785244366218,-0.014514322459211313
-0.9574111787654468,-0.15438908072142848,-0.37588733853482237,-0.6282965823572113,-0.77244271956993,0.4176857245919115
-0.2494962244194024,-0.5832777490615394,-0.3453185731813017,-0.3726031416286952,-0.29814140074031215,-0.44671436951033416
0.5683645954022881,0.8185631300382015,0.9070463071515205,0.9377223781849174,0.6698427110653014,-0.6628143930358955
0.6447931801435587,0.5891038068049701,0.8078626877895653,0.7273845809921028,0.5588254703785266,0.6337857481174729
0.10947792681611973,0.3357043759185592,-0.02042689236075492,0.019568462507068295,0.3116754204852659,0.7634457622328101
0.5683645954022881,0.8522223847585483,0.7429245149667959,0.21412825745442166,0.5300550535996648,-0.5893403850372048
1.0052823511879476,0.9274116145235787,1.3418442277844667,1.2376911427687622,1.0893193463035122,0.8498857716430344
0.9714769240411887,1.1216017629701207,1.212381911645339,0.9340368431436417,1.0554752554533695,-0.23061434598477273
-0.911553127463146,-1.3371079134583561,-1.6790092612912138,-1.1661801934234182,-1.2617632110848702,-0.878914416561457
0.5683645954022881,0.05540934214606959,0.47117736408283056,1.1253089985698583,0.25640196464112747,1.109205799873708
0.11813582605074936,0.1216605342094518,-0.13485274768324873,0.310252257327698,-0.004891270177754216,-1.3111144636125798
0.12617466072752107,-0.31134237430019734,-0.1879799230896222,-0.4359996792506417,-0.3618376650658591,-0.23061434598477273
0.33140244066103347,-0.014330010061050565,0.28269972835934154,0.11136229213884648,0.01573657581463746,-0.7060343977410077
-0.12966558631264313,0.05540934214606959,-0.3616343107961856,-0.15844865947455788,-0.06261827563071692,0.15836569636123798
0.9659841330550999,1.0149813283543327,0.4741722601531513,0.9118791752959716,1.003717508872991,0.7202257575276972
1.0686182833164768,1.0491871608749825,1.1598497487032693,1.1253089985698583,1.1273826802109999,-0.3170543553949974
0.0009007567993026176,-0.2951199451872666,0.03889832954876403,-0.2334597451005258,-0.24211933790689988,-0.6628143930358955
0.263303088152766,-0.07152192352889944,0.41196618622897,0.17314057312023268,-0.01221664432933742,-0.44671436951033416
0.11277585255161987,0.6706035257189277,0.1661962878489932,0.040330161714255436,0.30306252070029965,-0.4899343742154463
-1.3364497751071196,-1.4225171543111934,-0.7260521737765998,-1.468051743287921,-1.0751915361979563,-0.6628143930358955
-0.33591763669642954,-0.2396691304578314,-0.12221617047263396,-0.6128898010718782,-0.34688904173031176,-0.576374383625671
-0.08821977694998737,-0.06881288519504443,-0.16584298019898286,-0.2639910019110953,-0.3968321022581575,-0.6628143930358955
0.4805902456733585,0.7452779785738552,0.9898943551497823,0.9434663001069071,0.7673046780745744,1.4981858422197185
0.5147648604109872,0.3393455778463825,-0.24700763876699036,0.43727428921167183,0.30306252070029965,-0.3170543553949974
0.3384080003121429,0.29049543538894407,0.5955845534939921,0.3962999421574864,0.44605233476403255,-0.3170543553949974
-0.09634415509293581,0.6396771600000843,0.2184854873681397,0.38726615783435986,0.5251538334944992,2.27614592691174
-0.7338658413508679,-0.16146875390205337,-0.05443681313282253,-0.0692000274436612,-0.1434482334306578,-0.4899343742154463
0.6751701152117062,0.32621976041661044,0.6270086492649455,0.6412502038422841,0.561563177090608,-0.2738343506898849
0.34325021072651873,0.3204160979552335,0.4849519026314247,0.310252257327698,0.19107914586244656,-0.05773432716432344
-1.1199932896659808,-0.8555549833925244,-1.1471995167910156,-0.6344717429993494,-0.8867581423586611,1.238865813989045
0.16517572787259815,-0.06819475539179513,-0.03864419064280468,-0.09119320217127504,0.17352999510604686,-0.3473083586885757
0.07311294911559547,-0.15659725503464383,0.4105753445936633,-0.045408542795425194,-0.004891270177754216,0.4176857245919115
0.9435559869098532,-0.11022161934584034,1.2287174830090324,0.7548282574816033,0.9096379912445731,-0.7924744071512323
0.005578633712865156,0.8835561993830708,-0.010891817620314496,0.7548282574816033,1.0729460180433534,-0.23061434598477273
0.20331460692436748,0.3598094506896479,0.5195717111794003,0.2641919608317527,0.42412520491329375,-0.014514322459211313
-0.12206347354214249,-0.3834250546038804,-0.6243075215995442,-0.4826512618267914,-0.34127252960660037,-0.6195943883307834
0.5683645954022881,0.46146894643434067,0.6489001495140612,0.6831225944167797,0.6146280463459745,-0.6628143930358955
0.47512221726958453,0.7649706798297878,0.44754297315703195,0.7745585403684333,0.5598288389086526,0.8498857716430344
0.21022786967775997,0.08552279760919292,0.04545338353049224,-0.1545319449132024,0.4048652324248633,0.6337857481174729
0.005578633712865156,0.22103831608234265,1.2287174830090324,-0.91233174309554,0.09309393784234617,-0.576374383625671
0.7900684971502198,1.4055419737817072,-0.06097699180294221,0.5639740034955324,1.3500756221824444,3.0108860068986485
-0.39641037414650226,-0.1338814816541381,0.12192240206771453,-0.15813967915445118,-0.1168746450156073,-0.1441743365745481
0.720469882840011,1.0133753833992665,0.17337362569963624,0.7848682578120022,0.7948796753155901,-0.7492544024461202
-1.950681127126496,-2.3212639753463353,-2.033748254852314,-2.0770608457387496,-2.1317072431538904,-0.6628143930358955
-2.8625227002626272,-3.4538129286825523,-4.02470706556052,-3.4115868601207406,-3.1582335973431928,-0.9653544259716816
0.15618240820480173,0.4239935848900737,1.0279354853674953,0.34782115222070437,0.1827993957847482,0.5041257340021361
-0.14252186882147685,-0.5373711765031762,-0.043513375975675846,0.22835691233934713,-0.34526052757301806,-0.576374383625671
1.131150557091711,0.22103831608234265,0.6089128326943589,1.3105482576739844,1.0729460180433534,-0.5331543789205588
0.13266020615003077,0.14089411011313102,0.44896356541555354,0.10947506701819293,0.2669392939116086,0.15836569636123798
1.2437077494295954,0.3204160979552335,1.104756552946098,0.7548282574816033,0.7789903939830506,0.2015857010663501
0.268212832882545,0.5522982515105257,1.1460776893732767,0.7177795165087777,0.41971195114406856,-0.23061434598477273
0.2613896158830224,0.7179272254467987,1.285062684159838,0.45170744905666804,0.31578687981378967,-0.014514322459211313
-1.4230310185972679,-0.5816280778824501,-1.2981789711704672,-1.3825553326983235,-1.5274305055897688,-0.576374383625671
-0.380647864931505,0.5425552537757075,-0.36333009631944685,-0.23674960750166452,-0.29116093452096004,-0.23061434598477273
-0.39153889886211946,-0.04353912770913039,0.24400656364949674,-0.14490909738987057,-0.35441430570625604,1.4981858422197185
0.5683645954022881,0.22103831608234265,0.402312108995668,1.3105482576739844,0.09309393784234617,0.007095679893344752
-0.5572073279765578,-0.2758505932821134,0.6089128326943589,0.7548282574816033,0.5830199779428499,0.8498857716430344
0.678920520860405,0.9587017029240764,1.1434869059349604,1.0220317708541038,1.0935699446274247,1.71428586574528
0.49574719719357824,-0.09632860544001004,-0.31879589258503704,0.24571760514535732,0.12154100343474177,-0.6628143930358955
0.25645961085862273,0.41261085375435225,0.6537172712563063,0.37988397335180396,0.36461878808268705,0.6337857481174729
-2.78750783385712,-1.3984518306528542,-0.424095744236297,-2.620657258406934,-2.3383913618390095,0.2015857010663501
-0.6298247261852677,-0.48021702659243903,-0.5657161483959979,-0.8719975854815768,-0.5904312762642728,-0.23061434598477273
-0.09315653540592723,-0.47634924332194656,-0.6959395846457117,-0.40535950132003407,-0.3710463149155882,-0.6628143930358955
-0.007982256820003246,-1.1977882134951128,-1.205696679687714,-0.8788551702839508,-0.5916227763937967,-0.7924744071512323
1.031834592860455,0.6010112526289797,0.7547503876948014,0.8855869506468708,0.7559344745359218,0.2015857010663501
-0.020838539328835975,0.9059400509721216,0.668865296909996,0.8907929356086721,0.7084626009543429,2.1464859127964027
0.7288193753676367,0.5952910675043762,0.1552678922546444,0.31734546741015396,0.5329848113194654,0.07192568695101333
-0.8177569679441395,-0.7543367249993472,-0.7454743722988602,-1.1490262284574797,-0.9139764734424844,-0.7492544024461202
-1.6425805756838523,-1.2696284120110255,-1.516132036844322,-1.587133647809145,-1.5866527653171183,-0.44671436951033416
-0.00924739966188096,-0.29520342252404,0.24114802460224558,-0.05615394471914558,-0.0993980033131413,-0.3170543553949974
-2.738002929523072,-2.6360729127632796,-2.0252569311430033,-2.5100267436486354,-2.4177770176727353,-0.5331543789205588
0.6728491859057005,1.0114474544309329,0.8442824090420551,0.8157929643827087,0.9261739749500452,1.4981858422197185
0.22203511915400392,-0.5816280778824501,0.32284819438812495,0.07086586428482713,-0.019965314579566577,-0.403494364805222
-0.4453074696419268,-0.3688363962249406,-0.5509548808441037,-0.40860935188115927,-0.27649842799283214,-0.44671436951033416
-1.0574610158907456,-1.6008883474392084,-2.5589781531847726,-0.8505845824341639,-1.2678108581238703,-1.0950144400870183
-0.5191810061171271,-0.9741802540585578,-1.0159794346635953,-0.6720206319723481,-0.6417951223084093,-0.6714583939769179
0.42467408366374504,0.7813600636162645,0.8594725814119677,0.6602380448088581,0.6351402697929011,0.6337857481174729
0.24362809093210383,0.5016771969801128,0.6664976431457954,0.2847091432388556,0.3769884407431443,0.6337857481174729
0.202553720304163,0.1216605342094518,0.14405934495835387,0.06017825724112694,-0.029387572182779747,-0.6628143930358955
-0.5220332053709689,-0.720979578735893,-0.29496812260833966,-0.5881624839433177,-0.539727850522191,-0.7492544024461202
-0.03279211315511965,-0.2871438844141491,-0.4053131841131616,-0.1924209345263189,-0.18527223962195796,-0.9653544259716816
-0.40396071060852823,-0.011076381482531886,-0.0036177902442209578,0.034088314672094784,-0.004661984790987332,0.6337857481174729
-0.28921315530774855,-0.0024305144595901996,0.3400019078902336,-0.056698550319334226,-0.1790874132917289,0.6337857481174729
-0.2934002828627173,-0.5941695539548091,-0.3014264870646185,-0.6344717429993494,-0.47338206617178086,-0.44671436951033416
0.6833755345331393,1.1065023027923526,1.637416669426529,1.1318709403321292,1.039572256191707,1.2820858186941573
-0.05950643718459334,0.5827197780974557,0.7185389208048155,0.3767875015107316,0.20974336828611595,1.9303858892708414
-0.9323987194841219,-0.6071105287102964,0.1957089060783765,-1.097571002199667,-0.3968321022581575,0.2015857010663501
0.9314515864458367,0.8808849246063284,0.9721307538717647,0.9968354260453816,0.7911072448068164,0.28802571047657477
0.2733882125862405,1.0057809333085412,0.284050902497027,1.0461011155024365,0.8465668725461947,2.1464859127964027
1.131150557091711,0.8707742290785795,1.1968297733596427,1.038943441899959,1.0120325336255782,0.5041257340021361
-0.30880486020608,-0.2827036851200682,-0.5965006057678264,-0.3106203556872372,-0.26843816478109905,-0.7924744071512323
-1.3273348936715983,0.11642928777166242,0.23376739082629844,-0.6052230879492245,-0.49997525162843637,1.71428586574528
1.287478990385952,0.3038537968282976,0.2645766403841407,0.3226025786119743,0.6102383090266731,-1.0085744306767936
0.1736828004694959,0.12424236898250939,0.20644144340322487,0.32180011893169586,0.08673077843352082,-0.3170543553949974
0.6333010908058598,0.41533380497766964,0.8512713262790048,0.6586464627283067,0.6144261968174527,0.4176857245919115
0.2793672506432289,-0.11022161934584034,-0.1393202996027171,-0.016171002145303707,-0.0040094033055736245,-0.7060343977410077
-1.437951600013577,-1.4212212680355716,-0.7672642245853232,-1.6061970666957446,-1.5040100811688046,-0.6628143930358955
1.6939365187811342,2.208593953540167,0.6089128326943589,1.3105482576739844,2.0527980982443608,0.2015857010663501
-3.77312614428304,-3.9670256324974495,-4.703698101543042,-3.5321536484824785,-3.7563255085770857,-0.6628143930358955
-0.3989249018233312,0.12787164557650715,-0.10773505462268142,-0.21768174285506361,-0.33559134724559453,-0.2738343506898849
0.6571316995676367,0.9216993796215244,0.8122558631509954,0.62159549887548,0.7901175942058143,1.0659857951685958
0.48623611444102716,0.8211171390323334,0.7967681845489321,0.9419747476263896,0.8653349592903633,1.9303858892708414
-0.8476769208113965,-0.38805208412788283,-0.09086645125971773,-0.9481845746279512,-0.6655016635367921,-0.44671436951033416
0.05247671347236838,-0.23444384668695434,-0.16584298019898286,-0.03244248375093661,0.011438944590875622,-1.0950144400870183
-0.4412396527108349,-0.9865527879017322,-1.1265401881867272,-0.7473006860784092,-0.8897270941616701,-0.2738343506898849
-0.3361134862110978,0.6646885601418535,0.40969026355301463,0.08002635276799844,-0.029387572182779747,0.6337857481174729
0.08597598505596941,0.40817860468282136,0.4801223847961726,0.5238799169216524,0.3794145544937217,1.4981858422197185
0.8028594964874974,0.26244506267750173,0.29901050753702224,0.5522216369314639,0.5677107690417894,-0.4899343742154463
0.6468372187564145,0.7963104571212237,0.6735113525687546,0.7329128835540164,0.7845108806029036,0.8498857716430344
-0.02343185704030143,-0.3373217140374087,0.174409939074963,-0.08161703512795997,-0.17459773106024867,-0.3602743601001095
0.9062725425198513,0.30523912310760604,0.3495791293468958,0.5292859610835243,0.5379213060995179,-0.7924744071512323
-1.6827792513554038,-1.2696284120110255,-0.6306964679349879,-0.91233174309554,-1.376684182459165,-1.0085744306767936
0.7597433383905469,1.1131467012883742,0.8268262308705925,0.8477157440737599,1.1167140507617719,2.016825898681066
0.5683645954022881,1.0750671228303195,0.5314372514050247,0.615898257433508,0.7514330340794775,0.11514569165612545
-4.25551475462936,-4.108992756569786,-5.412045564983067,-5.278703808287106,-4.876155337547289,-0.6628143930358955
-2.486759518217987,-0.8437230646827383,-0.9848701996550007,-1.1504977750179897,-1.0967267252166146,-0.7449324019756091
-0.8667396069057409,-2.296850829451441,-1.9620839619643302,-1.769423145152251,-1.598093518205545,-0.8356944118563449
0.1823429508479726,0.32890892319409076,0.5115762311903408,0.2915133789212116,0.3295714388780574,-0.44671436951033416
-0.3461625923430242,-0.04811050567528333,-0.08836739890964868,-0.4492324838952224,-0.49889937404437584,-0.9221344212665691
-0.5572073279765578,-0.6485172753054554,-0.16584298019898286,-0.49554174295125414,-0.2743505922330316,-0.014514322459211313
0.5542071517500285,0.2054121536606496,0.13333920372651129,0.3703678240685092,0.398141487450524,-0.7060343977410077
-0.00022256398022953188,0.63596639362495,0.6472514691442226,0.21629556545517184,0.2597706960928586,2.362585936321964
0.3684562683786649,0.3112077526868921,0.5945531985558685,0.420109209845729,0.36737609183637254,0.11514569165612545
-1.9235728529238407,-2.7627676593173907,-2.6103698755702633,-2.6347881065718255,-2.497907361087413,-1.0517944353819062
0.2461628789035534,0.6012338588603752,0.17625695693290017,0.3554789738233547,0.4642501475975255,0.2015857010663501
0.7316152960253087,0.11103903688287715,0.40073532596526723,0.43242618792999304,0.32870720934332026,-0.4899343742154463
1.0905264152331218,0.7581672768827702,0.6809316538423219,0.7391747365161838,0.8348831163418774,-0.6195943883307834
-0.009839450493578013,0.44974236817333946,0.26929459338233597,0.14886450063182832,0.01792752506596682,-0.2738343506898849
-0.7395792444339387,-0.44189894145788955,-0.6777693915170869,-0.8236988488248566,-0.6275323954290036,-0.878914416561457
0.8149188740745785,0.7557861852290948,0.4436307662042461,0.8395088711109188,0.8629774351854009,0.4176857245919115
-0.1820159364689938,0.05540934214606959,-0.424095744236297,0.013868998185095209,-0.07021408895643512,-0.44671436951033416
0.10082002758148911,0.2592609985462941,0.49448697737186514,-0.03172893927068956,0.1307810085510373,-0.3170543553949974
0.8484834288297346,0.6234964695555398,0.9454593201594236,0.8855869506468708,0.8224409546274847,1.0659857951685958
-0.20759793514354807,-0.057521581618646435,0.04545338353049224,-0.1713724837990319,-0.27063891255323,-0.878914416561457
0.34325021072651873,0.3949494343599021,0.2680202750212881,0.6436842574431275,0.2155754478674721,-0.576374383625671
-2.8083511747342498,-2.2634062307399376,-3.109915069193682,-2.023771743480302,-1.8666102225596686,-0.44671436951033416
-0.14252186882147685,0.508711156381076,0.5436697159836351,0.052867204918595756,0.2220209148510345,1.8871658845657293
-0.43872512503400696,-0.06663452421639068,-0.10875649268639964,-0.06412741528190588,-0.24211933790689988,-0.014514322459211313
1.0918523389588615,1.2074939798428606,1.1989371091707122,1.298800336869918,1.2967246361196592,1.15242580457882
0.677957031293992,0.3189890330075388,0.7266410071937296,0.4150988383239941,0.5454838044545098,-0.403494364805222
1.318745127273569,1.0491871608749825,0.1957089060783765,2.2367489989546203,1.562872058143857,0.8498857716430344
-0.3320929433007884,-1.468383975756808,-1.8703057685643347,-1.468051743287921,-1.1807137664189633,-0.23061434598477273
0.018369633050142782,0.3113826575829881,0.017282022564389127,0.09806724685424342,0.04855574138888926,-0.23061434598477273
0.35318225737841435,0.1869378240104786,0.08633321904664679,0.26448760387185594,0.24679549484683685,0.2015857010663501
1.3847306557097305,1.3607047061562958,1.0629569273288757,1.2604689941366487,1.3748776380364918,0.6337857481174729
0.35385084710090087,0.2622602200032179,0.3073481196930547,0.415914635284277,0.4292321939553016,0.7202257575276972
0.8546943347029395,0.7527969015503588,1.0873573968024637,1.2228022925236077,1.055755493148308,1.71428586574528
-0.22819365019753388,-0.474606157027896,-0.13485274768324873,-0.6130987517919501,-0.3666820537503721,-0.7060343977410077
0.8788671173294235,1.3004857454526,1.16459993154328,1.6363157675467592,1.3601445821585891,-0.23061434598477273
-0.1820159364689938,0.05540934214606959,0.018623279827670387,-0.09198232457154894,0.06976365981276007,-0.23061434598477273
1.4438096748240399,1.159605814313952,0.3334443746899038,1.8662682578663654,1.562872058143857,-0.576374383625671
1.0012775662845657,0.488593118218728,0.32284819438812495,0.925818855780797,1.0352589473346614,0.28802571047657477
-0.22937099842938874,0.13902779536955764,0.1395471671040632,0.03724702715318854,-0.08289925398671683,1.3685258281043815
0.512644282907342,0.07836759731434553,0.46163237246798483,0.3476677735006506,0.31137754545288493,-0.23061434598477273
-0.4421243522426114,-0.6971527617540484,-0.3864835188366012,-0.6337782044391091,-0.6851672947864268,-0.6628143930358955
0.6308968691775225,1.1043954938166476,0.3334443746899038,0.3226025786119743,0.3108386268087748,0.4176857245919115
-0.33935513335042916,-0.107550344569097,-0.1508486660985707,-0.31179625920764475,-0.6101870539052856,-0.7492544024461202
-0.33597391529259935,0.7881773794527464,0.2113825260755338,0.5938606251058786,0.6286340519803673,3.659186077475333
0.05213679075150744,0.08329474773960284,0.558537589935383,0.08860889245096884,0.07105118544614403,-0.4683243718628902
-0.20724000327191355,-0.8437230646827383,-0.964037325748624,-0.5060492967148915,-0.5121097397896456,-0.6628143930358955
-1.997939389901481,-1.7665173213754815,-1.399254234325183,-1.9570853434572169,-1.7490279729355476,-0.8356944118563449
0.83320491554179,0.5425552537757075,0.90058546347664,0.8855869506468708,1.1017654274262263,2.362585936321964
0.27678293750715177,0.22795898481197077,0.37411099740635106,0.11087325853867694,0.3728573843730173,-0.10095433186943596
-0.4573781029482412,-0.9875803541662985,-1.0099995593973592,-0.49708219879178756,-0.7726955214066225,-0.10095433186943596
-0.44076916364686275,-0.7556047854960452,-0.2032444720175719,-0.29912362032325734,-0.6164541878102509,-0.7708644047986762
0.8753395749215549,0.6275828839461532,0.3835295488725326,1.0579490659065396,0.6720983305539225,-0.6628143930358955
0.3847050246645618,0.4353147018010333,0.7620591241313119,0.49057006011012144,0.434556710159114,0.07192568695101333
0.9123123614607027,0.5676083925858637,0.9185796320845762,0.7437894353977818,0.7739010422784871,-0.6628143930358955
0.2743719624472742,0.4212765963336686,-0.08489897208648739,0.35670155782377805,0.41483620719298825,-0.5331543789205588
-0.09373733051839092,0.42563928095788844,0.3172402019120778,0.49331309403107143,0.35246666258403436,2.708345973962863
-0.21464176424005274,0.3722654618695957,0.5011213663488336,0.8514746341550614,0.24220194829485386,1.9303858892708414
0.4144403837363837,0.573531308385488,0.7466483013058873,0.1943579627275781,0.3485256975174659,0.2015857010663501
-0.7059156393495244,-0.32565277488989386,-0.5403388667935131,-0.5667472580159048,-0.6579763995608487,-0.878914416561457
0.7291615492323438,0.6570841722729396,0.07765099550503855,0.48263882426737575,0.6830040842065612,-0.3170543553949974
-0.0822542457560794,0.22965436977072273,-0.11479091076186343,-0.4272815438876232,-0.24390658810118657,-0.5331543789205588
0.6135270432559415,0.6903220651981473,0.9264660264551793,0.6827913852966652,0.5799961544233498,0.07192568695101333
-1.7489898941762416,-1.6203743429088449,-1.3963386732501029,-1.6641875601558203,-1.6936957259665966,0.3312457151816869
0.22473198948241974,0.7086393779529584,0.5278175922471876,0.5990199295876651,0.5921776754844091,2.1897059175015148
0.12201679804256024,0.4694827707645707,0.1814608367769429,0.24701576706580652,0.2704804793294557,1.225899812577511
0.5683645954022881,0.7179272254467987,0.6089128326943589,0.7548282574816033,1.562872058143857,-0.878914416561457
0.23069301838863457,-0.25376686259431935,0.22325550395696206,0.05091551627792075,0.10398205415753956,-0.44671436951033416
-1.5804535078010329,-1.359972753511671,-1.5322296032222944,-1.1649309348629857,-1.2876058298480912,1.0659857951685958
0.03392053474354423,0.06732473819262919,0.1630104919463753,0.051182261878012864,-0.06551471837979128,-0.014514322459211313
0.18329968698284438,0.7048510969079639,0.494737378450592,0.8571985501570415,0.7602967759969772,1.9303858892708414
1.1402947033972415,1.0012353935656737,0.9714564064122205,1.137348116654025,1.0939324898970992,0.5041257340021361
-0.5332596597347492,-0.8626028556829499,-0.19551426841884684,-0.5162345328784177,-0.7095499339501488,-0.4899343742154463
-0.24454821024422918,0.00019902164876598737,-0.6306964679349879,0.013868998185095209,-0.015779386492948473,1.4549658375146064
0.617302211486954,0.538923989626072,0.3779289940522892,0.3544342202229931,0.29697567957809046,-0.4899343742154463
0.4708608019676724,0.14854421176170574,0.11156174753305516,0.12816504206466253,0.09458331300425188,-0.576374383625671
0.16332978991825675,-0.10269275859115073,0.32718434772172583,0.20331839201067983,0.17103725141401518,0.2015857010663501
0.04462922602257084,-0.20689433799615164,-0.5598627132784261,-0.11617837337992529,-0.22485826366207864,-0.6195943883307834
1.1878658751669242,1.2340755489382211,1.2719600138521865,1.5216351654270583,1.365382871379345,1.2820858186941573
0.28264266494026136,-0.36758423617334185,-0.42091738598948386,-0.10867615337732786,-0.3214579608407752,-0.7060343977410077
0.8663102369522093,0.7763852118557077,0.7547503876948014,0.9509640743495024,0.7559344745359218,0.11514569165612545
0.964993629762526,0.9293017799348005,0.054038917546651084,0.821868095424812,0.9189701024564065,-1.0950144400870183
1.54098480125703,1.2234719396123843,1.2913450240954294,1.5603310604804554,1.4365495279643425,0.24480570577146224
0.4135984559376966,0.5315938844351277,-0.22782344523044998,0.06017825724112694,0.2645680518775223,-0.23061434598477273
0.048870381029862325,-0.35229595821001625,-0.6306964679349879,-0.6985929395015474,-0.17071163771017134,0.4176857245919115
-1.2807902434960365,-2.2634062307399376,-2.0473938740336424,-1.3886638069404382,-1.9365990969442661,-0.8356944118563449
0.8964575553479875,1.1423220304906179,1.0851632883403513,1.1588655950614746,1.2218600177839813,1.0659857951685958
0.5683645954022881,-0.02740613859988537,0.9188151578516957,0.47696825738541276,0.5830199779428499,0.8931057763481465
0.3402089153895489,0.8387924713162468,0.5251549114694357,0.48447714602801245,0.5168133325878286,0.2015857010663501
0.9201058214581775,0.5937049981056847,1.2287174830090324,0.824293257505651,0.7667422429805387,-0.6628143930358955
-0.9323987194841219,-1.995243236578491,-1.9293359634603047,-1.344557421965169,-1.4700033348733486,-0.6628143930358955
-0.01889129990139131,-0.7079273008647075,-0.6306964679349879,-0.4435930373332706,-0.47351532605468855,-0.7492544024461202
-0.21302319181423365,0.6768623384212825,-0.43604805711296557,0.20370072737081232,0.2914943870414466,-0.8356944118563449
0.7733537540880429,1.4517427045744147,0.7895189493588513,1.1854201195506673,1.18650499502617,3.356646044539547
0.6435888181855429,0.769583796464328,0.9740447106319353,0.6200239227149364,0.7819005546612489,0.15836569636123798
-1.211610341941325,-0.06785090826651453,-1.0631192971479277,-0.7443242497573783,-0.6247045423255434,-0.6628143930358955
0.9314515864458367,1.0064427893358137,1.2487123810281844,0.8982395836112504,0.9623167987803386,0.28802571047657477
-0.9103285052105097,-1.8931743043724811,-2.0647533626796557,-1.359086165650199,-1.2421955650432555,-1.0950144400870183
-0.8839856199157509,-1.397857551517254,-1.1505315865911074,-1.0378177648989815,-1.376684182459165,-0.7492544024461202
-2.043110842330521,-2.683219720039417,-2.9135411222251832,-2.4511070863482387,-2.469720936148351,-0.878914416561457
1.0958841375884043,1.2532793115073377,1.0514905412980546,1.189103431711942,1.3440946050848968,0.7202257575276972
0.8395869083473484,0.8448425906766686,1.0002103837496195,0.803035856058292,0.8002394661942904,0.8498857716430344
-1.5368713629278044,-0.6623188616519623,-0.0797595519260787,-0.8094212905799143,-1.231521056481546,0.4176857245919115
-2.9584281815660445,-1.1371240403286251,-0.7133362615707436,-2.3572037435957305,-1.5726545984993665,-2.3051745718301624
-2.9284969729795542,-3.7596560026189247,-4.506215943859781,-3.6503464010033957,-3.6061220234989126,-1.0517944353819062
-0.7040201762305545,-0.6215123568593164,-0.4151110560253358,-0.3566117429031589,-0.5246381284870959,-0.44671436951033416
0.7934789800780565,0.5191716617010161,0.6089128326943589,0.7548282574816033,0.9749608100232531,0.9363257810532586
-2.1075228212177985,-2.0759002319021667,-1.7533610271429625,-1.5729049929242194,-1.8388784489858196,0.8498857716430344
1.1823123032969727,1.1696449578387513,1.285062684159838,1.1589878534615163,1.1174842144968096,1.4981858422197185
0.9776630673320778,0.4468961885005001,0.6089128326943589,0.5527484594916469,0.7611747234608364,-0.576374383625671
-1.750995663343702,-0.39630839024588216,-0.029674377743449876,-0.9965322146446892,-1.3469907450207534,0.6337857481174729
1.0625176834917625,1.0815048155400466,1.4857108039969082,1.0259106964554479,0.9176041886566069,0.6337857481174729
-0.022916345099393838,-0.35761664465149046,-0.1521130675852121,-0.04709570871600916,-0.21078366838207177,-0.6628143930358955
0.5360381697628479,0.9125307854659315,0.8678399441912161,0.7548282574816033,0.7493126341779237,0.9579357834058151
-3.483694328761557,-1.468383975756808,-1.3744620483125956,-2.3572037435957305,-2.552506678700374,0.8066657669379222
-1.7765776620182563,-1.5180728666932535,-0.6306964679349879,-1.097571002199667,-1.376684182459165,-2.5861046024133922
-2.8083511747342498,-2.2634062307399376,-0.6306964679349879,-2.023771743480302,-2.846462302760676,-0.1441743365745481
-1.8192120753320005,-1.344915032002291,-1.626139924619372,-1.4343706655162611,-1.7478403922143442,-0.878914416561457
-0.3159049678987545,0.16103401138749063,0.05722719266786951,0.25264409922775594,0.076475646562137,1.9736058939759535
-1.277573358939019,-0.7926150590211473,-0.18443711970842266,-1.6014245433340926,-1.1023256000028825,-1.0517944353819062
0.8578414338007068,0.7570939968385431,0.7356058616558813,0.8817858258455546,0.9266560621735036,0.15836569636123798
0.1462751241352209,0.13503877120518004,0.07254380518644521,0.17773526608182288,0.3474792154958112,0.2015857010663501
0.44656870871730964,0.42683976456291306,0.5071533052056959,0.4230545258467487,0.42032141913795346,0.2015857010663501
-0.3859245461083058,0.4766836848390807,0.37087313791310716,0.20313611585061692,0.14279595475846185,0.6337857481174729
0.18329968698284438,0.7179272254467987,0.6089128326943589,0.3745979647099736,0.35094985156388264,-0.23061434598477273
0.21022786967775997,0.49206935302864124,0.7779509153653796,0.5527484594916469,0.4048652324248633,0.4176857245919115
-0.5572073279765578,-0.7017559406104007,-0.6306964679349879,-0.4359996792506417,-0.6767895595007077,-0.403494364805222
0.23433762027653485,0.8198073398672492,1.068193037014735,0.6928588088201508,0.6658488339864008,1.757505870450392
0.8108082854103982,1.2287250491621853,0.8817037346094548,0.870640305521696,0.9700850660721719,0.677005752822585
1.405812617834618,1.5856999794277968,1.0003690537401002,1.1191049404877103,1.2839199291355936,0.2015857010663501
0.023734108836966417,-0.17967873865244174,0.12906503085794171,-0.5358759005652174,-0.17557562343628846,-0.3602743601001095
-2.0967826139249177,-2.2519837484914675,-2.141024043728778,-2.3623141447175002,-2.2326476850478776,-0.8356944118563449
-0.4593320958072271,-0.30177428146147606,-0.18874848085601192,-0.820517907543756,-0.5842817246089307,-0.597984385978227
0.29022451741614136,0.557084285485524,0.4476917262731073,0.4223609872865084,0.4598310147158191,0.4176857245919115
-0.9901202988588363,-0.5816280778824501,-0.34463182962875394,-0.44210815349275634,-0.9244452130673523,-0.6628143930358955
1.3953155340771852,1.2655186791228032,1.2160685097054107,1.3218893914379104,1.3629018859122755,0.4176857245919115
0.24677293888602503,-0.4178197049100887,-0.45360836246568026,0.278496193636705,-0.3968321022581575,-0.014514322459211313
1.2078943019715278,0.7179272254467987,0.5807389925096553,0.9821688638003054,1.0061377435110883,-0.44671436951033416
-2.5514281275037947,-2.676040669076919,-2.4847205976398716,-2.4417687674650055,-2.446000676990845,0.677005752822585
-1.3075878598478399,-0.9383684765828425,0.1957089060783765,-2.023771743480302,-1.0500661691574424,-0.3170543553949974
0.9152185881668673,0.8605383175456726,0.5115415221299239,0.5886168511840637,0.6881091135444084,-0.10095433186943596
-0.7624778796431576,-0.35891650603838865,-0.6438834316750831,-0.6234929386755492,-0.7840069338204627,-0.44671436951033416
0.8438505747931075,1.3268228452045525,1.402674335384951,0.9789590250791937,1.0881043297240636,-0.3170543553949974
-2.7435700082561043,-2.7781692279520516,-3.136668317119865,-2.9153222313089424,-2.7724442766222914,-2.607714604765948
0.26319953553581565,0.5627110554951672,0.5346329641820469,0.6052528851098224,0.5868707966180402,1.4981858422197185
0.5347527666263495,0.5326472889229802,0.7419774534611149,0.38703942407428127,0.495236989781802,-0.7060343977410077
0.15148652214046462,0.6995244477995765,1.280367044129054,0.5181337721196635,0.30630191167744353,0.4176857245919115
0.8166522548365803,0.7909997084579354,0.9735042409768602,1.0490330942234525,0.7559344745359218,0.028705682245900817
1.0246782065716118,0.503056560592508,0.709422834007988,0.7247882571512043,0.8478445996587761,-0.7492544024461202
0.1802358802074078,0.032562390093491836,0.43793104263995164,0.33324795093565884,-0.025164409717113152,0.11514569165612545
-0.0748187176302391,0.22103831608234265,0.47609861300632994,0.15941428911548128,-0.08188020782330807,-0.3602743601001095
-1.6827792513554038,-0.8815820244650352,-2.094615550731816,-1.5103931615425794,-1.3860162936709992,-1.0906924396165072
0.6682681081775481,1.2471576401439681,0.39619835592496383,1.1823058646695883,1.1512185619139699,2.1464859127964027
0.0852421121619268,0.6634741636473664,0.0372198985557118,0.21687129137537164,0.4711639838754233,2.1032659080912905
-1.5370221895655372,-1.812988359734883,-1.6562723474990706,-1.6839422947226592,-1.7291487339324296,-0.6628143930358955
0.005578633712865156,0.13159831239674072,0.6461011117132386,0.13242185726613692,0.1126909794463659,-0.6628143930358955
0.24300452408655177,0.6946350609314308,0.40554005161450657,0.5203833266804427,0.6059857509986015,0.9363257810532586
0.3893648924273508,0.3375587653283079,0.05760403389526066,0.293476181961891,0.37701391689722963,-0.44671436951033416
-0.878798984492821,-0.8061443502453232,-0.7036152454352091,-1.0524287551440394,-0.7755978432681779,-0.6628143930358955
0.9435559869098532,-0.6071105287102964,-0.21749254131900547,-0.7270924839914129,-0.3968321022581575,-0.44671436951033416
-0.23590156672883292,-0.12603063688618035,0.09029005193425493,-0.16525734091691505,-0.2578518429066071,0.028705682245900817
1.1744423044087093,0.6414818605188959,0.894977471000593,1.0113152663703946,1.1106330887520455,-0.44671436951033416
0.5683645954022881,0.7179272254467987,1.8485221333237059,0.7548282574816033,0.5830199779428499,-0.44671436951033416
0.24677293888602503,0.15005475404617388,0.25473910097434627,0.43727428921167183,0.39638167311448247,0.07192568695101333
0.28697161455757664,0.6558161117762417,0.4539616701156906,0.12964325726517456,0.6442607329554128,-0.23061434598477273
-0.3331239671826036,-0.6237861205085673,0.25717121442218077,-0.3375372096165557,-0.49212663646602667,-0.6628143930358955
-2.836668313182615,-3.13843157524202,-3.3749881636030583,-2.929001834833678,-2.91116977443299,-0.23061434598477273
-0.4071303211447632,-0.2758505932821134,0.36099097256848933,0.16205951631639656,-0.3968321022581575,-1.0950144400870183
-0.38666517243388865,-0.682395161145924,-0.7997345506060086,-0.7270924839914129,-0.47106373615002584,-0.5331543789205588
0.18647379980677253,0.4630291776097451,0.8986913404652779,0.48598870442853576,0.32374131900086106,1.4981858422197185
0.253204456856211,0.45954499257728176,0.7328737627572932,0.5103114573969559,0.5438258947348095,-0.403494364805222
-0.48536207210728577,-0.5295819459599794,-0.1823273046787517,-0.19107831500585398,-0.3342881439789269,-0.5331543789205588
-1.9925704118269632,-2.2360554776128803,-2.291091145662967,-2.2735901123667857,-2.221694898495391,-0.7924744071512323
-0.3406472899184677,-0.972202636199287,-0.77350193858609,-0.7618516585634458,-0.5772091522940399,-0.4899343742154463
0.48851877430163965,0.05389283719468913,0.1663971045556946,0.2614200294707936,0.3274059657808133,-0.3170543553949974
0.3496817286967057,0.10462519484080013,-0.021517748545309287,0.04350665723535586,0.05670027187952013,-0.3602743601001095
0.34325021072651873,0.7179272254467987,-0.3827746078091183,0.7548282574816033,0.7789903939830506,-0.6628143930358955
-1.5481991187646889,-1.8529322653808726,-1.5334543372113156,-1.5646981199613783,-1.6855511954759657,-0.4899343742154463
-0.26100407176402773,-0.5373711765031762,-0.21749254131900547,-0.45410725973691024,-0.31087947778292513,-0.576374383625671
0.2924891681259802,0.2892393002260708,0.426618368162408,0.024765555948867334,0.25640196464112747,-0.23061434598477273
0.688400087599101,0.8569169911742249,1.0423422246594107,0.8131210626217833,0.7526088565757194,0.7634457622328101
-0.8948789049902114,-0.17647281140922255,0.11306911244261975,-0.3566117429031589,-0.004891270177754216,-0.7492544024461202
-0.43214278042608717,-0.49668988771569006,-0.9061649259394431,-0.4801060642259109,-0.6145767912245861,-0.014514322459211313
-1.726721579244114,-0.8518243414610163,-1.8368016083869254,-1.5715201386837399,-1.49438401433291,-0.576374383625671
0.7730138313671829,0.7870126718491957,1.0331641573975496,0.9331343538633294,0.8450128271469944,0.8498857716430344
-0.6463143548627673,-0.6153906854959459,-0.47058109300989814,-0.5927927429849212,-0.5560580652908208,-0.403494364805222
0.4648637547599094,0.6722353088972809,-0.1177535769903677,0.37157262502892685,0.537968338999368,-0.3170543553949974
0.8683565267089122,0.9933885239089913,0.482043779212148,0.9467828370680549,1.107419173928986,0.6337857481174729
-1.2388919542201822,-1.7875118715739484,-1.486200430671326,-1.7341704912200475,-1.6388984782334355,-0.576374383625671
0.4144403837363837,-0.046516486054042655,0.24868484915007183,0.3558501947834838,0.26058985243190624,-0.3689183610411322
-2.0116803719420893,-0.8517905530151791,-1.8682926430601132,-2.0345971690840496,-1.7298130736428057,-0.23061434598477273
-0.06364178843108742,-0.5123379132493956,-0.16335632394192073,-0.23774101198200812,-0.26845580211854253,-0.44671436951033416
-0.14059263854480578,-0.815907223536516,1.0974651710397967,-0.47530019766424675,-0.6841364903980549,-1.0085744306767936
0.28697161455757664,0.05540934214606959,0.7122144341530058,0.04474257851578371,0.3108386268087748,-0.3602743601001095
0.28402936954986396,1.2217407786521584,0.7492861898976254,0.7606366429236145,0.9022401080390553,0.028705682245900817
0.5266756625041825,0.4234748328686971,1.3434953873729045,0.6724994508931019,0.36527528897642125,-1.0085744306767936
0.4007264154219364,0.5487743153653128,0.5825389052141686,0.3055219686860607,0.4579320613843896,-0.6628143930358955
-1.3292348590782614,-1.9385164111298068,-0.7498898606277026,-1.646166671989582,-1.6090854988412402,-0.6628143930358955
0.2892227584043341,-0.2838008158319447,-0.6406133423400228,-0.2321304628600654,-0.3497992024085091,-0.878914416561457
0.7879884402358148,1.0330283335424497,0.8205538078094077,0.9174786100179109,0.9892999653649138,0.6337857481174729
-0.6751717678343541,-0.05018948887206441,-1.4047754541501862,-0.8759298602029378,-0.7862057218884339,-0.7060343977410077
-0.6510057386394104,-0.895900375277281,-0.5538828380121898,-0.6605950287683928,-0.9014147697743079,-0.4899343742154463
0.23564103256380778,0.3226004216007996,0.22204564527954715,0.2613978006707858,0.37089768021261466,1.15242580457882
0.657696736673174,0.5680714930493909,0.4154296546149281,0.801873289817889,0.818909567730441,0.46090572929702367
-0.06685867298810394,0.37354942281139375,0.4984537271338786,0.4026884992796986,0.19495936010004272,1.4981858422197185
1.5831329674998733,1.599096104424262,2.0802894050437737,1.8953924316364477,1.7356650530789846,2.1032659080912905
0.005578633712865156,-0.06289791961796933,-0.27652273621497525,-0.11844571098070926,0.16308281222694376,-0.014514322459211313
0.2981192788867204,0.9636864924628219,1.4363098941482257,1.200471240035877,0.884150078934383,1.9303858892708414
-0.14502514077907142,-0.6677627765429593,-0.5957766739362589,-0.2939954361614819,-0.28642628926942837,-0.6628143930358955
0.30573039623260834,0.13822283533638768,0.36099097256848933,0.10648751629715866,0.19107914586244656,-0.5331543789205588
-0.30708048401946353,-0.3862712342767206,-1.0439003945509704,-0.3566117429031589,-0.5057054265934522,0.6337857481174729
-2.3630704195578853,-2.3944537241400816,-3.3959797074999156,-3.0436090819133534,-2.6364937199027225,-1.0085744306767936
0.18370264173141435,0.09078584493718164,0.6859371961982649,0.13544275118718244,0.2272298085093827,0.4176857245919115
-0.23079147019669247,-0.5441706043389193,-0.17204102670212945,-0.2676965428723778,-0.4556232270702176,-0.403494364805222
0.5355001463834725,0.6054931905914469,0.8984558146981585,0.5621512418949013,0.6527540907865953,0.4176857245919115
0.2992065813647044,0.2642457880850386,0.6358619388900403,0.39240323351613765,0.3700079745237922,-0.3170543553949974
-0.29236700783705605,-0.9773404675221152,-0.6306964679349879,-0.6181269063536907,-0.5409271894683576,-0.6628143930358955
0.7941835881020922,1.0845736014442815,1.5126202426949682,0.9077312812145363,0.8832564538372402,0.15836569636123798
1.4125435379364226,1.2148161348112547,0.6089128326943589,0.615898257433508,1.4403905481187314,0.46090572929702367
0.7485393954652334,0.34170679394368225,0.2784503476767836,0.31106360852797976,0.373094508576426,-0.7060343977410077
0.6934291429527588,1.159605814313952,0.9188151578516957,0.5387154180467888,0.6374566401104963,-0.44671436951033416
-0.8938884016976386,-1.4998589068315897,-1.1777955535491484,-1.3197500811565814,-1.2028388263899024,-0.7924744071512323
0.7934789800780565,0.7179272254467987,0.36099097256848933,0.5325402574046506,0.5830199779428499,0.028705682245900817
-1.6827792513554038,0.4694827707645707,1.5386198081663691,0.47696825738541276,0.8279829979931017,1.5846258516299427
-0.35255809201166305,-0.546881630228412,0.04545338353049224,-0.8618123493180506,-0.3968321022581575,-0.576374383625671
1.2291473510287667,1.3062834452470646,1.3983158690839366,1.1418961291355993,1.3142522301302957,2.1897059175015148
-2.057970642862968,-0.2758505932821134,-0.6306964679349879,-1.8385324843761752,-1.7033021957608871,-2.1755145577148256
-0.027526687697553204,-0.9188824811132061,-0.4119426146529269,-0.22585304973789241,-0.166278786899342,-0.44671436951033416
-1.691642004680089,-2.020831027855123,-2.036237390327978,-1.7218446216157801,-1.7701673017138042,-0.878914416561457
0.17967759653341184,-0.011318863270302093,0.21651946701734198,0.14713509999122976,0.012026855838995727,-0.3602743601001095
1.3922089555686612,1.452257481484516,2.0652380689155314,1.8921759242753347,1.688494973938108,1.5846258516299427
0.29418653058643485,-0.11022161934584034,0.25927855023325014,0.25610512338895314,0.030283459797301095,-0.7060343977410077
0.27327115310620975,0.2973405770043488,0.13535480844933448,0.2719564806744411,0.1719955467484517,-0.014514322459211313
-0.7180042818066135,-0.3810121620600065,-0.6700491047927672,-0.5800756465005181,-0.7649252944106285,-0.44671436951033416
1.131150557091711,1.2148161348112547,0.6089128326943589,1.3105482576739844,0.5830199779428499,0.6337857481174729
0.3604286894211266,-0.013105675788376644,0.33676404839698965,0.1953893790479352,0.2905066961446034,-0.7060343977410077
-0.2208301586747899,0.004007178250135236,-0.01801709188033154,-0.056396238639228775,-0.1659475968962339,-0.6628143930358955
0.5405044391548146,0.7627505801827478,0.6143671136171286,0.808626399260227,0.8050760160621633,0.4176857245919115
0.17953127218337211,0.3204160979552335,0.6765285616064876,0.33046045941469415,0.2445261574290909,0.6337857481174729
0.11418731974353628,0.11933509411362592,0.3769397858303863,0.34859916022097387,0.3022433643612511,0.11514569165612545
1.131150557091711,0.4694827707645707,0.6089128326943589,0.7548282574816033,0.8279829979931017,0.4176857245919115
-0.374682333737597,0.07331523088392766,-0.027643897709019247,-0.6570006318071485,-0.37034866023448504,-0.878914416561457
0.005578633712865156,-0.02740613859988537,1.5386198081663691,-0.2639910019110953,-0.15186908220790565,-0.7492544024461202
0.6400567734899802,0.7242575901521023,0.7273475844950881,0.7548282574816033,0.7203246902372573,0.6337857481174729
0.39424312114327376,1.0144128874420197,0.12950633176896578,0.9083425732147465,0.8807656698493691,2.1464859127964027
0.9811455868630129,1.2946562447679353,1.3212791094870249,1.2758824440619831,1.2776214399640602,1.4981858422197185
-1.750995663343702,-1.811688498347986,-1.2692836783727968,-2.0069312045944727,-2.0299182493584498,-0.44671436951033416
-0.028188523988500504,1.3141939166841456,0.5097440886440111,0.09907865725459376,0.35765399949661775,-0.3170543553949974
-1.4156945408006838,-0.8822240049359338,-0.336552056207251,-1.0159401799314072,-1.376684182459165,-1.0950144400870183
0.5683645954022881,0.3866672900186157,1.4353182067077224,0.3843475163933492,0.5830199779428499,-0.6195943883307834
0.8199254179897676,1.05677962341007,0.8149235023659505,0.9586463476321617,0.8834328272116766,1.8871658845657293
-0.05069996245607694,-0.32553948421855883,0.05108864741115263,0.14353625726998429,-0.4458247062682077,0.2015857010663501
-0.4247860423348834,-0.6307703910185941,-0.2973556101213519,-0.3799608744312421,-0.4009494406991624,-0.6195943883307834
-1.2309454164411273,-1.708685414992371,-1.8349719450591961,-1.3492521445267949,-1.3627193306121401,-0.6628143930358955
0.28697161455757664,0.17586713910983837,0.32718434772172583,0.14858886351173287,0.2935187614391411,-0.6628143930358955
-0.18048515865319856,-0.05275741075565962,-0.39795238408602396,-0.5879735391432526,-0.2568523937848016,-0.44671436951033416
0.36371535943739336,0.2662094930548469,0.5337850714204169,-0.12085086714154245,0.1673255717342145,-0.6628143930358955
0.06185722988180726,0.6185494435739078,-0.010891817620314496,-0.07875174280696834,0.14208654185239636,-0.4899343742154463
0.49073840213454306,0.23817303323286698,0.010481525941137227,0.448224196095462,0.3127160233944395,-0.23061434598477273
0.4433000478518175,1.159605814313952,0.6089128326943589,0.5078418377161003,0.1475306000099935,-0.878914416561457
0.7173835646261068,1.6193254457023092,1.1012658131555246,1.3027214971912746,1.4993894015717943,5.8201863127309466
-3.0058192618279875,-2.5772313281163406,-1.892053474134576,-2.5404935369391826,-2.837867040313153,-2.607714604765948
0.7415293335264298,1.0237047100471346,0.6089128326943589,0.32735065029361726,0.7337663010734538,-0.23061434598477273
-0.9323987194841219,-0.6071105287102964,0.6089128326943589,-0.7270924839914129,-1.0500661691574424,2.4922459504373013
0.05674037991812759,-0.2599084095140645,-0.09375226171158216,-0.07132287784439668,-0.2291578545900003,-0.1441743365745481
-0.3890176177537503,0.3866672900186157,0.024729595242570807,0.28214616259796843,-0.07021408895643512,1.4549658375146064
0.19317320389472414,0.7179272254467987,-0.6306964679349879,-0.7270924839914129,0.5830199779428499,0.15836569636123798
-1.0647389639473137,0.34209834240426146,-0.7388796508195118,-0.7122725430262831,-0.25787143994821127,1.0659857951685958
-0.12841845262154,-0.0392360697540347,-0.1584648256416373,0.49019883914999335,0.11642421587193226,0.6337857481174729
0.7026363212859972,-0.004149750085991447,0.41504785495033375,0.3672202259874199,0.36434246979607005,-0.7060343977410077
-2.759688198198889,-3.8810976396232353,-4.736319659898403,-3.8517971239531343,-3.6808102684601542,-1.0085744306767936
-0.12429435709427929,-0.5434053954184987,-0.20160075008493664,-0.3566117429031589,-0.47220624367553976,-0.576374383625671
-1.1903415348771587,-1.0211839573287975,-0.7856476305136563,-0.5650067429753017,-1.131721162408913,-0.7924744071512323
0.005578633712865156,-0.049992720863955946,0.7122144341530058,-0.019812079586564744,-0.0850608076756404,-0.4899343742154463
1.0076122850693416,1.2414791936877518,0.9596305336842172,1.2807283224636608,1.2952058653953478,0.6337857481174729
-0.5572073279765578,0.22103831608234265,0.6089128326943589,0.1991082572892222,1.0729460180433534,-0.23061434598477273
-0.17959595683372895,0.33323980692811206,0.3929803301805305,0.15966992031556898,0.19107914586244656,1.3685258281043815
-1.232550482003865,-0.6733617207736786,0.2370300425055551,-0.3566117429031589,-1.1807137664189633,-0.6628143930358955
-0.4232102416421527,-0.7490776527826339,-0.6306964679349879,-0.7270924839914129,-0.5368118107315134,-0.6195943883307834
-0.19513560280789702,-0.2619516167093708,0.3835295488725326,-0.3721563427485402,-0.5064657918076882,-0.6628143930358955
-1.342489594047971,-1.9706651235656871,-1.9664002815491215,-1.545594689234765,-1.688110569109451,-0.6628143930358955
1.171013812330096,1.324545106444027,1.1641536721950527,1.2248740166843262,1.2444201320785304,-0.23061434598477273
-0.878798984492821,-0.1338814816541381,0.25473910097434627,0.11972032094173936,-0.3968321022581575,1.15242580457882
0.005578633712865156,-0.2758505932821134,-0.010891817620314496,0.1991082572892222,0.5830199779428499,-0.878914416561457
1.0407018484728334,1.17932435379317,0.8634765194530009,0.9334522257034404,1.0641978986713196,0.6337857481174729
0.8497575762469997,0.7179272254467987,1.5386198081663691,1.5884082577701748,0.338056957892598,2.362585936321964
-1.0045951537934883,-1.3730806829407052,-0.5603089726266522,-1.033291981217414,-1.0954019652041822,-0.6628143930358955
-2.2161180003853893,-1.6885176879390866,-1.5712128365084863,-1.6554449731127936,-1.9947885925790831,0.6337857481174729
-0.30861576412295294,0.32468337990885615,-0.42155950360720934,-0.2645600591912919,-0.03013813887621333,0.715903757057186
0.6308968691775225,1.3252367758058619,0.8155135563930488,1.0635618379084812,1.018509355875707,1.0659857951685958
0.6549480900362825,1.0309851263471435,0.7178893655312852,0.7466858480387846,0.9993669656368998,0.6337857481174729
0.7372003839091155,1.2148161348112547,1.6006002731978373,0.9771162575585549,1.0239534140333024,-0.3170543553949974
0.17927689292868892,-0.901562921288398,-0.8449505394557641,-0.2605610980699073,-0.3968321022581575,-0.7060343977410077
-0.3461625923430242,-0.4000728206232274,0.29901050753702224,0.06017825724112694,-0.15186908220790565,-0.403494364805222
0.17530812632685522,0.5286364016465901,0.11700363236281786,0.3667067407072424,0.5363594218836777,0.8498857716430344
-0.6317494541742457,-1.1314217432047586,-0.8523485277619203,-0.7540804700807562,-1.1171213664139181,-0.6628143930358955
0.9435559869098532,0.05540934214606959,-0.21749254131900547,1.1253089985698583,1.562872058143857,-0.6628143930358955
0.2668711511498768,-0.045153022886746656,0.011245125270324844,-0.01920967910635591,-0.1168746450156073,-1.354334468317692
-0.4943846566450911,-0.6687386663609516,-0.8728516655943297,-0.6771199186941134,-0.6292628142026386,-0.7924744071512323
-1.0607521881947053,-1.243476154933356,-1.4462279891632313,-0.9708290531957908,-1.0930424813950583,-0.6628143930358955
-0.12021978673164815,-0.474606157027896,-0.23693705280867697,-0.3391776950571239,-0.30461038417379915,-0.3602743601001095
-1.083270380093823,-0.9137386871234648,-1.2476797674814288,-1.2302480408055971,-1.1774430201752528,-1.0085744306767936
-0.6822718755270285,-1.4291237892501034,-1.4877102747994921,-0.9054719354131648,-1.1468422397105746,-1.0085744306767936
0.7905164747757252,0.28968650024449866,0.4417292055370802,0.4879359473092096,0.463762181261585,-0.3170543553949974
0.5104314085059788,0.7471562186512541,0.5359940551941377,0.2890037474003424,0.8279829979931017,-0.44671436951033416
0.9435559869098532,1.0491871608749825,-0.21749254131900547,0.7548282574816033,1.236254044842134,-0.7492544024461202
-0.5572073279765578,-0.7727395026465694,-0.7546573979979222,-1.1346197431724925,-0.49481731027825787,-0.4899343742154463
-0.4214768608801499,-0.9773404675221152,-0.7291363217165652,-0.6377415994804814,-0.7599535249556881,-0.6628143930358955
0.19009814140005318,0.1232903298321673,0.14151814589206413,0.026014814509299697,0.17341045315226217,-0.3170543553949974
0.4346759157748889,0.5808534633538822,0.5329223033471782,0.3119549834082876,0.23763191819279636,-0.014514322459211313
0.1534382638556034,0.29896242240451426,0.7326208824599647,0.530728610204024,0.4433263862769126,1.0659857951685958
0.20133134919537365,1.0419842592448347,0.4202765269803892,0.4165637162445016,0.34870795000438265,1.9303858892708414
0.4276681049799324,-0.4000728206232274,0.6089128326943589,1.0326882575777938,0.09309393784234617,-0.7362884010345864
0.20118052255764082,-0.35765639576423985,-0.06758163015669592,0.04323546587526158,-0.12498194112718967,-0.7492544024461202
0.11813582605074936,-0.2758505932821134,-0.13485274768324873,0.310252257327698,-0.004891270177754216,-0.5331543789205588
-0.5572073279765578,0.7179272254467987,0.6089128326943589,-0.3566117429031589,-0.3968321022581575,-0.6195943883307834
0.29524681933825797,0.23565281268457036,0.12582965058329829,0.08469440076961442,0.20116574317603575,-0.403494364805222
0.5996307322899054,0.6627169049494951,0.7122144341530058,0.6930810968202272,0.719109673657807,0.6337857481174729
1.4604298698446516,1.1898504484491474,0.46325378143320783,0.9277594300214697,1.0689756574143794,-0.403494364805222
0.24677293888602503,-0.2758505932821134,0.4318247272250512,0.5960501619066365,0.5830199779428499,0.46090572929702367
0.18329968698284438,-0.2758505932821134,-0.010891817620314496,-0.06412741528190588,-0.035833039166342166,-0.44671436951033416
-0.013909518568515992,-0.05895063412197888,-0.024549832894648606,-0.24698374702520753,-0.12950689803355858,-0.44671436951033416
0.795543278985534,0.48158102192977637,0.5433027916306493,0.5571697678131774,0.6175950384448219,-0.2738343506898849
0.34449284212992876,0.2347643753146261,0.5130315325092806,0.3372713637370524,0.35565118184468714,-0.23061434598477273
-0.9323987194841219,-1.0046216562018615,-0.4103212056877039,-0.8258861627456136,-1.1371652205665101,-0.4899343742154463
-0.3255601238574982,-0.05821523853611908,0.3014624547336674,-0.0457597578355475,-0.2623924774462588,1.0659857951685958
0.005578633712865156,0.3866672900186157,0.9188151578516957,0.3843475163933492,0.011438944590875622,-0.014514322459211313
0.40787829942308557,0.08987554445522582,-0.5709844879236725,0.05027310395769839,0.012855810698845902,-0.6628143930358955
0.05060151064801904,0.047127197804783215,0.13786129845520725,0.16576505727767907,0.09309393784234617,0.4176857245919115
0.3657616491940962,0.08190942146029528,-0.035684003632900904,0.1991082572892222,0.1126909794463659,0.028705682245900817
0.04345863122225717,0.21626023232989433,-0.18968066705008557,-0.0092867427829207,0.24855138977455707,0.28802571047657477
0.5839154970956906,1.0886620033905319,1.5466475179972439,0.8008974454975509,0.8520991173910083,2.1897059175015148
0.7567763308005194,0.9858159369302759,0.9403744428082402,1.0689300931103398,1.0452553982568735,1.1956458092839328
0.4558074030644039,0.022282752336560057,-0.07287228265178163,0.03239225723150749,-0.004891270177754216,-0.6628143930358955
1.101530006356074,1.2932729060442654,0.8046397036079298,1.0473125851028573,1.201872995052041,0.11514569165612545
0.5683645954022881,-3.2571840494688495,-1.8703057685643347,-0.3566117429031589,-1.376684182459165,0.2015857010663501
-1.7828290884807025,-2.0094403464968513,-2.1182276286902044,-1.7150381630534242,-1.9537073142645756,-0.5331543789205588
0.1846458710032057,-0.09516389783646025,0.10180106389989949,0.14858886351173287,0.11536401592115453,-0.23061434598477273
0.1579990812891352,-0.02740613859988537,0.5443490218803803,0.1643757572771984,0.12371431534862765,0.28802571047657477
0.5903942890866591,1.027377712865158,0.8802162034486987,0.9565479489114361,0.9177746829185612,-0.6628143930358955
-1.6827792513554038,-1.2696284120110255,-1.8703057685643347,-1.468051743287921,-1.376684182459165,-0.6195943883307834
0.49020037875516775,0.78693913229061,0.8155135563930488,0.4460946770547252,0.32444877220276674,-0.878914416561457
0.9407353036698654,0.9984150521161221,1.5925700841483588,1.5339299147113155,1.2109405462022214,1.71428586574528
-1.344261244255369,-1.6133403835078817,-1.059432699087856,-1.3510571230874193,-1.2514394895678722,-0.576374383625671
0.4354480581143268,0.4133681124522236,0.41373634831026845,0.39337685495647456,0.4168037501700319,-0.014514322459211313
0.5601479203616228,0.6725910813563853,0.9527457436285218,0.4181508525650508,0.4077910707363434,-0.878914416561457
0.4748926005972151,0.026752764965202597,0.41160422031318633,0.33948090645781714,0.28126669102830787,-0.403494364805222
0.499249977019134,0.45640664222573585,0.5219220104133939,0.7450787057982287,0.7033536522081744,0.7202257575276972
-0.018850779312149006,-0.05935212036074499,0.8779526768657502,0.122189940622594,0.0918906794878591,-0.403494364805222
-0.38492503824034463,-0.4685222492216372,-0.048838737531179614,-0.41331741172278974,-0.4368257447636422,0.2015857010663501
1.0842524773322089,1.2148161348112547,0.5744789655414774,1.0172525788524507,1.2226458591523026,1.9303858892708414
-1.6827792513554038,-1.7665173213754815,-1.8703057685643347,-1.468051743287921,-1.376684182459165,-0.576374383625671
-0.7213539838505882,-0.6899240219006145,-0.5273948664763422,-0.703936743023397,-0.8867581423586611,-0.878914416561457
0.14815032695957026,0.6052984101389761,0.8237792712096468,0.40657631640104397,0.34785547869460787,1.9736058939759535
0.27357280638167447,0.5049745517826546,0.7269707432676968,0.4637376756208321,0.34972111705531117,-0.014514322459211313
-0.7120770200580997,-0.3051511384895167,-0.371809023935751,-0.4562856821376648,-0.35470042251367473,-0.4899343742154463
0.352828827794473,0.9293693568264747,0.6880370943535294,0.825771472706162,0.9374344350557139,2.362585936321964
1.0709954912186512,0.6612739395567011,0.8032463827540215,0.9581084106719753,0.6947368330148866,-0.597984385978227
0.322469901877099,0.32347295852564373,0.5536064241374795,0.24698464674579634,0.12776502384817826,0.2015857010663501
-0.5287123491642989,-0.7664488890540153,-0.8660660442826841,-0.6661277770903086,-0.5704775685030589,-1.0950144400870183
0.4162593079645643,-0.24899076639750875,-0.26216310207648486,0.003854923781628544,0.15930058319736748,-0.5331543789205588
1.3663050433240207,1.711705044175711,1.4178595493176602,1.6262394525032722,1.5490718214463057,2.362585936321964
1.7712655610611077,0.9910273078116915,1.0820469105585673,1.518411989425944,1.3908374687188052,-0.7492544024461202
-0.2758143471318463,-0.2758505932821134,-1.2505011182496615,-1.7459117433841116,-0.15186908220790565,-2.1755145577148256
0.675221891520183,0.9789509197584974,1.417011656556028,1.2437218162108499,1.0109292201832707,2.27614592691174
1.6939365187811342,0.3866672900186157,1.0221167593103424,0.7548282574816033,1.562872058143857,0.5473457387072483
-0.604105407736061,-0.28620178304199395,-0.08836739890964868,-0.8775992430835161,-0.427452479764439,-0.8356944118563449
0.9435559869098532,0.8717262682289224,0.9188151578516957,1.1782335485081799,0.9796268656291698,1.4981858422197185
0.7372003839091155,0.5440161071692393,0.36099097256848933,0.17132225727960276,0.4605384679177239,-0.6195943883307834
0.28697161455757664,0.22103831608234265,0.6089128326943589,1.0326882575777938,0.338056957892598,-0.1441743365745481
-1.0347222118946457,-0.546881630228412,-0.3301854228392195,-0.32293066513149893,-0.7234501155598799,0.4176857245919115
1.729731957088429,1.3068697741601136,1.5519158575249195,1.3843256448995256,1.415968714871801,-0.4899343742154463
-0.28921315530774855,-0.5597868289824254,-0.7487543785083258,-0.30368497008483625,-0.6301309631456962,-0.878914416561457
-1.4826773259609594,-0.055011298848536734,-0.10730614980466427,-0.7023940643028626,-0.33150928347947745,-0.44671436951033416
-0.1820159364689938,-0.22852689355424238,-0.04040691506829938,0.013868998185095209,-0.14020492304519253,-0.014514322459211313
0.5683645954022881,0.1216605342094518,0.9807956228831639,0.5325402574046506,0.3870495619026482,-0.2738343506898849
-0.47417388718890074,-0.3654535765299867,0.009430337254203041,-0.16529735275692856,-0.3486429769538722,-0.3170543553949974
-1.3785709276238032,-0.007262262214250313,-1.3342590394745846,-1.6482850766303152,-0.7940700146841272,-0.6628143930358955
1.0823547630693908,1.1544997838813225,1.2108051286149382,1.1595724709017194,1.3023333094267304,1.2820858186941573
1.131150557091711,-0.7727395026465694,0.6089128326943589,-0.3566117429031589,0.5830199779428499,-2.607714604765948
0.15292725420238998,-0.10781270191324191,-0.4954674893293323,-0.24142654702328384,-0.20086168621795586,-0.7492544024461202
-0.4247860423348834,-0.15893462046429438,-0.4848589129345466,-0.29123239632052517,-0.2815544647266694,-0.23061434598477273
-0.4996500821026576,0.18151378467585622,-0.13062567996810306,0.022289267628010444,-0.07949328815593809,0.6337857481174729
-4.193671330871232,-2.645629080268177,-2.2517236334935804,-3.5626893510530504,-3.2987012721524884,1.4549658375146064
-0.5213330996346274,0.13987250651547792,0.011331897921368916,-0.6577186220473967,-0.3890246408831159,-0.6628143930358955
-0.909997587065036,-0.6614960136180553,-0.2791655832439165,-0.7049726051037554,-0.8355726293931209,-1.0085744306767936
-4.055606427605737,-3.767502872275608,-4.182008527373181,-4.261671744415026,-3.654177888920291,-2.6509346094710606
0.7183065336032785,0.9368048024662039,1.080095765519377,0.74693258771887,0.863226317613772,0.6337857481174729
0.39339218876919935,0.40203904531871393,0.38169988554480333,0.29581020596269847,0.43751978284964177,-0.5331543789205588
0.2484657990587865,0.05889551473417068,0.20440848415019264,0.0645662223626463,-0.01520519317395049,-0.6628143930358955
-3.5745144761151497,-3.8842340024191437,-4.776158223602029,-4.128707954288997,-3.9340412803631426,-1.0085744306767936
-0.8144815536471072,-0.5030003768646181,-0.8077845734042957,-0.8329438067480571,-0.9567470167432588,-0.6628143930358955
-0.41502958490303543,-0.7047432367334998,-1.0960929045446686,-0.5866998289028112,-0.7406406404549264,-0.7492544024461202
-0.3696127577946989,-0.6071105287102964,-0.424095744236297,-0.3566117429031589,-0.07021408895643512,-0.8356944118563449
-0.05377052266305476,-0.5613351348240052,-0.40080596469607305,-0.2272801386983865,-0.3718909474087212,-0.44671436951033416
0.17953127218337211,0.28427836135497553,0.022914807226449008,-0.09390733865221493,0.19107914586244656,-0.7492544024461202
0.28697161455757664,0.014000607995273681,0.3300007400527563,0.2639429982716673,0.272734139113918,-0.1441743365745481
0.8497575762469997,0.7179272254467987,0.29901050753702224,0.9400675165857293,0.9912910247918821,0.3744657198867994
-0.36108542490318146,-0.45653728872776655,-0.013239637635706557,-0.4850164061476101,-0.36713866481974605,-0.4899343742154463
-0.5572073279765578,-0.9383684765828425,-0.6306964679349879,0.013868998185095209,-1.0500661691574424,-2.3051745718301624
0.4576533410187454,0.15315732839624582,0.4802091574472167,0.34183493637863144,0.24569414110869103,-0.23061434598477273
-0.5804751507766456,-0.7894309948899405,-0.7011657774571645,-0.7414522887963844,-0.690534924481768,-0.6195943883307834
-0.1820159364689938,-0.055011298848536734,-0.21749254131900547,0.3843475163933492,0.03865727567469885,-0.3170543553949974
0.9314515864458367,0.15692374632922793,-0.030886715639466385,0.1991082572892222,0.40917462187358744,-0.7492544024461202
1.0598118085879593,1.4569620256783795,0.9179424729040517,1.188445459231715,1.4000226021186106,-1.0950144400870183
0.6467269127079239,0.5292346558934656,1.0247323349346704,0.691518412179686,0.6512372797664444,0.6337857481174729
0.724693028696529,0.7731375459441014,1.090982014397504,1.048123936303137,0.8552013290769249,2.362585936321964
1.131150557091711,0.7179272254467987,1.8485221333237059,0.1991082572892222,1.0729460180433534,1.71428586574528
1.0269316015622172,0.4602803881631407,1.251672568038087,1.2899666117468591,0.8733462298980874,0.11514569165612545
0.05637119232725871,-0.4121810095666209,-0.4964418222396267,-0.24025064350287625,-0.36499670817242663,-0.878914416561457
-1.7728250052257115,-1.9354595505593966,-1.7463448385014007,-1.6792253433610262,-1.8666102225596686,-0.576374383625671
0.2786131174545657,0.5506585181096232,0.32662652353644284,0.5567496434930315,0.32108004075103563,1.0659857951685958
0.5683645954022881,-1.2696284120110255,-3.109915069193682,-0.3566117429031589,-0.3968321022581575,0.0
0.8899562519185523,1.0018634611471116,0.07765099550503855,1.0723822257515356,1.0029571436587568,-0.7060343977410077
-1.5246408984083697,-1.967737454111712,-1.573208607482499,-1.8538414589414756,-1.789680076038927,-0.7060343977410077
1.131150557091711,0.8728850131655599,1.3644993273627688,1.024094603494818,1.1057769418425676,-0.05773432716432344
0.24007353479807342,0.42807602416941165,0.04075774349970812,0.3843475163933492,0.4605384679177239,1.4981858422197185
-3.985084844318358,-3.2120128724963455,-2.3210723362079877,-3.589890733622467,-3.514543088379166,1.4981858422197185
0.34325021072651873,-0.2190641411643061,0.3964090895060717,0.342008321018692,0.41504589553815185,-0.7060343977410077
-0.4946750542013225,0.497087931013222,-0.14862728623184288,0.3843475163933492,-0.28795877792286284,0.8931057763481465
-0.5572073279765578,-0.2758505932821134,0.6089128326943589,0.1991082572892222,0.09309393784234617,-0.014514322459211313
0.4558074030644039,0.7179272254467987,0.5779226001786248,0.7548282574816033,0.6075162799478754,0.3312457151816869
-0.316013022803398,0.20329143179548137,-0.09943463074566754,-0.2573757110288045,0.02310506345774857,-0.44671436951033416
0.5039053424942288,0.6566369722545118,0.7454334841912703,0.5883567742239738,0.6650335970556744,0.8498857716430344
0.809558900575447,0.859896337074774,0.3432819140996982,0.43727428921167183,0.7229996864162057,-0.576374383625671
1.9771304147032516,2.031663738249308,1.0133056164014684,1.6553547347533502,1.7759742079542937,0.6337857481174729
-1.0176675461116098,-1.2696284120110255,-0.5743512667841812,-0.8112907326605612,-0.9758364949697348,-0.403494364805222
0.005578633712865156,0.2502673092867972,1.3745550380094749,0.49331309403107143,0.12191334722521797,0.6337857481174729
0.2907242713501214,0.3469161772694592,0.4105753445936633,0.6436842574431275,0.48503476992274946,0.2015857010663501
1.131150557091711,0.22103831608234265,0.6089128326943589,-0.3566117429031589,0.5830199779428499,-0.1441743365745481
1.3116382661493555,1.221631463092097,0.9028241978735769,1.0655379782291652,1.227507885174261,0.0546376850689684
-0.5572073279765578,0.22103831608234265,-0.010891817620314496,-0.24546774286468306,-0.3968321022581575,-0.1873943412796606
0.4276681049799324,0.8421494527879128,-0.15392289716413068,0.32735065029361726,0.5264903517318931,-0.014514322459211313
0.01930610889039392,-0.17889762928692107,-0.026010092650790406,-0.11263732553869904,-0.014450707072195557,0.3312457151816869
0.7090610858246439,0.7179272254467987,0.6089128326943589,1.0326882575777938,1.0729460180433534,2.0600459033861784
-0.7984016331497177,-0.9147086142745448,-0.04040691506829938,-0.8858683566863786,-0.7701087119148914,-2.6941546141761727
0.18300028485122577,0.8392019077775621,0.5752971076798926,0.49486466427160825,0.5564483492319592,1.9303858892708414
-2.5768052720882935,-3.0584284857230672,-2.8690763366116085,-2.795428975587437,-2.81006863679785,-0.2738343506898849
-0.4446501356386736,-0.2758505932821134,0.11306911244261975,-0.3566117429031589,-0.2988468942380571,-0.014514322459211313
1.8925661960997993,1.8987698056619662,1.3964291837283793,1.4478444409215148,1.6666207560996997,0.6337857481174729
0.5839965382741732,1.035383586972838,0.5056112312357132,0.8320110968683235,0.7735463358254552,0.9579357834058151
0.3043414404791586,0.4164647241353832,0.3400019078902336,0.4019905149594571,0.443040269469494,-0.014514322459211313
0.5683645954022881,0.7179272254467987,-0.010891817620314496,0.7548282574816033,0.5830199779428499,-0.014514322459211313
-0.5065565914245098,-0.35535281878042646,-0.5625179564003742,-0.4121837429223968,-0.49971657067926367,-0.23061434598477273
-1.2821521855233242,-1.5222844970890266,-1.282016945108862,-1.6941075249661774,-1.4763292599031264,-0.576374383625671
-1.887808930630401,-1.6870886354357542,-0.7505096652780169,-1.6374529823865647,-1.7955807452658974,-0.23061434598477273
-4.3841518674646345,-3.4559396132146323,-1.3744620483125956,-3.913219744134398,-3.7283291749415826,2.4490259457321883
1.0323883742467568,1.1075497446132927,1.3694255347234692,1.3105482576739844,1.188262849658049,1.2820858186941573
0.7338889513105339,0.7252334799700928,0.681831610194579,0.4442785840940964,0.748730602042283,-0.3170543553949974
0.17441442221969244,-0.3397365941369203,-0.5244445963408437,-0.11050780649796131,-0.19386358266116027,-0.7492544024461202
-1.8178478821608655,-2.0248995542449983,-1.9198901405895088,-1.6903397433648737,-1.768625014539568,-0.576374383625671
0.5683645954022881,0.7179272254467987,0.6089128326943589,-0.3566117429031589,0.5830199779428499,-0.4899343742154463
0.09312336676942543,0.3204160979552335,0.2599851275346097,0.2032250310506473,0.25640196464112747,0.6337857481174729
1.4481228664344286,1.3918675909959979,1.1503518622418452,1.5085624081425337,1.551609638334026,-0.23061434598477273
0.35190810996114935,-0.12296185098194548,0.4182039002297368,0.5410894538876108,0.05540686713365503,-0.878914416561457
-1.6316175051501414,-2.0827195352942844,-1.8703057685643347,-1.619612147500389,-1.643917280588225,-2.607714604765948
-0.10697855862501904,1.3141939166841456,0.36099097256848933,0.310252257327698,0.19107914586244656,2.232925922206627
-1.0130166829242082,-0.5633067900163635,-0.21066477329113922,-0.43009570996859786,-0.7126521456360654,1.0659857951685958
0.5037725250072695,0.3313993304078257,0.20580924265990364,0.2126922769739252,0.26959273334479306,-0.6628143930358955
0.7090610858246439,1.007778426724185,0.402312108995668,0.10648751629715866,0.7871564812194471,-0.014514322459211313
1.37234486226487,0.43399098974648675,0.5498826377983892,0.5960501619066365,0.7696582827712172,-0.6195943883307834
0.0004617837491844912,-0.3842618155272505,-0.5236388502954354,-0.18484313660369558,-0.16968475273012074,-0.878914416561457
0.4227020816539846,0.7413108175214892,0.6964143740071842,0.7482907673993404,0.7905173738545365,2.362585936321964
-0.878798984492821,-0.2443021226487453,0.4318247272250512,-0.28604419439872947,-0.4901512546723412,2.016825898681066
-0.857359090496301,-0.5739839389007868,-1.9116269049915133,-0.9864270021611902,-0.8214353235799812,0.0
0.6031762838485484,0.13395555338276594,0.49389692334476565,0.22775451185913928,0.37088788169181297,-0.7492544024461202
-0.2166047616744259,0.7621185374900361,0.3023723279603288,0.6716503107328088,0.7062990875612595,3.22698603042421
1.0071012754161281,0.5447813160896607,0.6119275625134903,0.8349897560693544,0.837908899565538,-0.2738343506898849
0.7291615492323438,0.43399098974648675,0.7269707432676968,0.5960501619066365,0.443040269469494,-0.6628143930358955
-0.07258558293425524,-0.12402320569234802,0.28179481356988223,-0.1868081625243761,-0.3560055854845021,-0.44671436951033416
0.9146940716505714,1.2530388172752072,-0.34463182962875394,1.0968094540799909,1.1106330887520455,-0.23061434598477273
0.6688353964269304,0.9062699852079398,1.2375385427923107,0.8684174255209258,0.8980169455733887,0.7202257575276972
0.9823679579718012,1.397579825898052,0.38806403969423436,0.9911693049234197,1.2587808441659551,1.9303858892708414
-2.5178815818994114,-2.8404393460736053,-2.5900799505375622,-2.6511974067375066,-2.735833083497661,-2.6509346094710606
0.5683645954022881,0.497087931013222,1.4353182067077224,0.5078418377161003,0.8007646669092785,0.6337857481174729
0.7068954854440622,0.8402374242646776,0.914047620481476,1.045512052302233,0.748840345475267,1.9303858892708414
-1.4576648666796344,-0.6733617207736786,-0.8786183280608575,-0.5788997429801115,-0.3968321022581575,0.6337857481174729
-0.4717674144167163,-0.7547004476810025,-0.25022318529282206,-0.8187951755431587,-0.645837991991319,-0.7060343977410077
0.2613896158830224,0.5372405300011456,1.1723722818582267,0.7548282574816033,0.5830199779428499,1.0659857951685958
0.4143390822632805,0.1635045430448509,0.648057215189632,0.3570505499838993,0.5417623262539059,-0.10095433186943596
0.005578633712865156,1.2148161348112547,-0.010891817620314496,-0.91233174309554,0.5830199779428499,-0.23061434598477273
0.8132597810595181,0.551604594593053,0.5466720497097596,0.43395330649052194,0.8126091188547485,-0.014514322459211313
-0.9624132203929427,-0.7926150590211473,-1.1265401881867272,-1.4235941432725305,-1.0631315167948423,-1.7433145106637027
-0.166888249818782,0.26912523717499737,0.39898003919557623,-0.03393625911145424,-0.057044876998533466,0.28802571047657477
0.4558074030644039,0.6185494435739078,0.4229714375999565,0.5325402574046506,0.6810051859629502,-0.5331543789205588
1.6939365187811342,0.7179272254467987,-1.8703057685643347,1.8662682578663654,0.5830199779428499,-0.6628143930358955
0.9880701053356397,0.6673956109200707,0.5668925566216256,0.6983137563420386,0.7657035997755249,-0.3170543553949974
-0.16117259559186406,0.037004576943210486,0.6089128326943589,-0.08904367721053152,-0.08836094948175743,-0.44671436951033416
0.268212832882545,0.1216605342094518,0.2783511789327337,0.16205951631639656,0.5176971591641698,-0.44671436951033416
-0.9089485540324472,-0.3690172637879489,-0.24331856148831704,-0.530274242963278,-0.6724154998146908,-0.014514322459211313
-0.2823584222943709,-0.2527392963297539,0.07559324406599356,-0.22737349965841905,-0.13477850222503973,-0.10095433186943596
-0.8344537018555419,-0.9955544273837791,-0.7194252224554349,-0.7426904329568134,-1.1105779142223358,-0.5331543789205588
1.318745127273569,0.3866672900186157,0.6089128326943589,1.1253089985698583,1.562872058143857,2.1464859127964027
0.773792727138162,0.7670496630265681,0.8540059043961923,0.881607995445492,0.899702291151335,0.15836569636123798
1.1487792645556714,1.2663017760439617,0.9225488610651913,1.3092100839135217,1.3432911263791327,-0.6628143930358955
0.8497575762469997,0.4073716570940137,0.3764860888263564,0.12964325726517456,0.4605384679177239,-0.9221344212665691
0.4649965722468687,0.555677096094204,0.6974556458197109,0.7661693912455293,0.7229996864162057,2.1464859127964027
-0.4833990746729136,-0.3084325928469593,-0.04137381032279,-0.22906955709900634,-0.38076840725534217,0.2015857010663501
1.5154928483363457,1.6995849298984935,0.7147333202518844,1.4731986102102919,1.6465181108222968,2.319365931616852
0.25888634392542786,-0.2515209247239923,-0.29686472483830234,-0.1263702781834527,-0.07206013027553337,-0.4899343742154463
0.8830407380213118,0.653812655693684,0.6755591871333942,0.7667784603657404,0.6567714843154188,0.2015857010663501
-0.7149967536273446,0.6343385855578723,-0.051439437843900176,-0.14886582379124058,-0.26862629638049695,0.8931057763481465
0.3049334913108567,-0.04326484503116171,-0.28782549381811356,-0.12013509978129432,-0.0007210197244189101,-0.7492544024461202
0.8753395749215549,0.4468961885005001,0.8342961165161853,0.5022290657141575,0.6720983305539225,-0.3170543553949974
0.8954287826100193,0.5819982954010582,0.8214636810360713,0.6602691651288682,0.6625369339553214,-0.6628143930358955
-0.15521832011719044,-0.8082312836646534,-0.3650655493403272,-0.17798777468132268,-0.6417951223084093,-0.7060343977410077
0.3437432112289586,-0.025227777621231625,0.027166667127607444,-0.16162293211565723,0.011438944590875622,-0.6628143930358955
0.23069301838863457,0.5440161071692393,-0.07287228265178163,0.06017825724112694,0.2890643538825478,-0.2522243483373288
0.6706903389566581,0.17586713910983837,0.15814626505070623,0.04754785307675408,0.4048652324248633,-0.6628143930358955
0.43680324671007537,0.5275611340467261,0.6491604674671922,0.6177032359941325,0.4843978660706185,1.2820858186941573
-0.07258558293425524,-0.3586660740280684,0.07519161065258967,-0.2639910019110953,-0.31517710900668694,-1.0085744306767936
0.6662398275716199,1.4092507526012046,0.8244982446040111,0.7065050691448742,1.051644033819784,1.3685258281043815
1.6307018881257112,1.3432261418804916,1.3610358589768108,1.554066984638286,1.628929765982688,0.4176857245919115
-1.9641722322001154,-2.482621692217711,-2.800012744036345,-2.4650778871530754,-2.1836217660671005,-1.2678944589074674
0.6152626751617903,1.132000654065299,0.29901050753702224,0.24541751634525394,0.5013649846913792,0.6337857481174729
0.18415512164461292,-0.08951725227044238,-0.6128163433827103,-0.33523875169575956,-0.2413746503259466,-0.9221344212665691
0.15819943309149664,0.22103831608234265,0.43032479997129036,0.18026934928270097,0.20934750804571425,0.4176857245919115
-1.3039815274053337,-0.533851215469239,-2.0252569311430033,-1.5001123415390196,-0.7171692637257916,0.2015857010663501
-0.21953575096290423,-0.17647281140922255,0.11306911244261975,0.6436842574431275,0.2890643538825478,0.4176857245919115
1.2437077494295954,1.1154383529383638,0.8568346928202274,1.8662682578663654,1.170931226063454,2.1464859127964027
0.6423079173367388,0.40963945807635316,0.40532683881479825,0.6737020289735185,0.4685850132003349,-0.6628143930358955
-0.8907097865860163,-0.9751760194329239,-0.6766091172116976,-1.0564077103454164,-1.0137763675151175,-0.6628143930358955
-0.3461625923430242,0.15892720241178565,0.09757399618475379,-0.0092867427829207,-0.053883874187805283,0.8498857716430344
-0.23504613206706437,0.4545582154828995,0.31981611003878563,0.08325175164911472,0.05327666871129792,0.6337857481174729
0.6463419671101286,0.88854496403309,0.7918667693742433,0.9121703725760716,0.9135730771986603,0.8498857716430344
-1.7693627459893981,-1.5754058966113622,-2.061014701028957,-1.5535481538775184,-1.376684182459165,-0.7924744071512323
-0.12429435709427929,0.28983755447294535,-0.9358312557221039,-0.06592794808252914,-0.06518940748916434,-0.9653544259716816
0.3807700252204292,-0.02740613859988537,0.402312108995668,0.10648751629715866,0.25640196464112747,-0.576374383625671
0.9703536032616555,0.9308798991109419,1.2729888895717094,1.1120761939252757,0.8629774351854009,-0.23061434598477273
0.5683645954022881,-0.2758505932821134,-0.6306964679349879,0.7548282574816033,0.5830199779428499,2.1464859127964027
-1.1199932896659808,-0.7727395026465694,-0.6306964679349879,-0.3566117429031589,-2.846462302760676,-0.6628143930358955
0.5683645954022881,0.7179272254467987,1.8485221333237059,0.7548282574816033,0.25640196464112747,0.4176857245919115
0.34460539932226736,0.3407706552384394,0.4296925992279691,0.11876225966140803,0.36461878808268705,-0.5331543789205588
0.8325295723877623,0.36300742771031796,0.052353048897795136,0.3919097541559669,0.28306569944755683,-1.0085744306767936
1.131150557091711,0.22103831608234265,-0.010891817620314496,0.1991082572892222,1.0729460180433534,0.2015857010663501
0.15906612347249854,-0.36619493478275883,-0.1799299002913352,-0.1545319449132024,-0.04052261122218436,-0.9653544259716816
-0.08943764577108355,-0.2758505932821134,0.029355817152518792,-0.08235947704821711,-0.155049682060238,-0.2522243483373288
0.5683645954022881,0.7179272254467987,-0.6306964679349879,1.8662682578663654,0.5830199779428499,-0.2738343506898849
-2.6268076792124755,-2.359578085369609,-2.7100419009966665,-2.328521922945801,-2.577792741482041,-2.607714604765948
0.24481894602703913,-0.10284381281959745,0.15221349493789396,0.04836587291703809,-0.01203243213825912,-0.878914416561457
-1.7765776620182563,-2.0977772568036643,-2.903314345494991,-2.672112484664747,-2.0299182493584498,-2.607714604765948
0.761424942844074,0.6986300477627208,0.5768193479010646,0.5246268046019116,0.5798491766113192,-0.7492544024461202
-1.6224801122761523,-1.4204699720046126,-0.30419329502362347,-1.552401147797121,-1.477293434350044,-0.878914416561457
1.0970412255256394,1.3352739317750235,0.7779509153653796,1.1253089985698583,1.1620243706544262,0.2015857010663501
-0.13123013128614047,-0.25388810348820445,-0.6055844627228385,-0.08335755016856296,-0.10450107294682869,-0.878914416561457
0.19317320389472414,0.05540934214606959,-0.21749254131900547,0.3843475163933492,-0.07021408895643512,0.0
-0.04558311249239728,-0.0861284699085771,0.5638356800862736,0.04754785307675408,-0.05833828174439856,0.7634457622328101
-0.9792967992436251,-0.4000728206232274,-0.3207941427776512,-0.21768174285506361,-0.3968321022581575,-1.4407744777279166
-0.5572073279765578,-0.6168535264451146,-0.31471757798596567,-0.5854372330623744,-0.531320719674067,-0.3170543553949974
-1.186991832833183,-0.8200632023744404,-0.39458064678831206,-0.6609351294085107,-1.0150717319651432,0.11514569165612545
0.6455878339214632,0.31711079293014166,0.22749496776511358,0.5422453514880106,0.6319106773365597,0.28802571047657477
0.27654881854708824,0.37615113314082604,0.6613830151713973,0.4549150648977786,0.26677075935381395,-0.23061434598477273
-1.3025047770418603,-0.4275646902005437,-0.5959824490801635,-0.8776926040435487,-1.0668843502620127,-0.5331543789205588
1.0282755344387315,1.0064427893358137,0.7288747831534632,0.957995043791936,1.0044621964539453,-0.05773432716432344
0.5683645954022881,-0.02740613859988537,0.09240978383833125,0.43065899832938104,0.3176427196536904,-0.3170543553949974
0.19704292016730066,0.0007674625610789419,-0.2600904753258324,-0.11599165145986022,0.027434049948076872,-0.6195943883307834
1.4632302927900198,1.8516150481632798,1.5437517906709741,1.8213972021708322,1.8103709353776687,2.4922459504373013
0.13720526557663404,-0.18617208292001672,0.1454873748726792,-0.14169259002875761,0.09038758639683127,-0.44671436951033416
0.5683645954022881,0.22103831608234265,1.2287174830090324,0.1991082572892222,0.09309393784234617,-0.014514322459211313
0.2373136324419486,-0.4512225649532046,-1.3598792844999927,-0.09509657945262702,0.17955216599096246,-0.5331543789205588
0.20818157992105712,0.7576783381959543,0.4105753445936633,0.8437434575123843,0.9749608100232531,2.362585936321964
0.3589564413453472,1.0183720982718365,0.032350713222839535,-0.6150860065126385,0.7881049780330803,-0.23061434598477273
0.6299198727480311,0.39960826477410305,0.48785754683209975,0.4943333959514241,0.5945018846186454,-0.23061434598477273
-0.5572073279765578,-1.2696284120110255,-0.6306964679349879,-0.3566117429031589,-2.356536262660172,-0.878914416561457
0.46284222758552135,0.5807660109058342,0.6605623938143804,0.41039744712236687,0.38909157363778707,0.5905657434123608
-1.9641722322001154,-1.1454061846699115,-1.302150679369684,-1.468051743287921,-1.6216472025094166,1.2820858186941573
0.5130089682105168,0.416536276138332,0.40569872160498727,0.4815229385069894,0.6231782355978078,-0.014514322459211313
0.19317320389472414,0.3866672900186157,1.0221167593103424,0.7548282574816033,-0.07021408895643512,-0.44671436951033416
0.5798499313084458,-0.0020548664441111223,0.3812288340105644,0.5620267606148586,0.30306252070029965,-0.6628143930358955
0.07793715037919773,-0.1551781403094992,-0.1525618061520399,-0.1263858383434583,-0.0958783746410599,0.028705682245900817
-0.3036992659616337,0.194178489197738,0.2766752271582831,0.05141788715809381,-0.056974327648758705,1.4981858422197185
-1.8728118103233014,-1.876220454784966,-1.4839344248697748,-1.5690927537228998,-1.7329936734951379,-0.44671436951033416
0.7257015411398774,0.9387665198803754,0.9310327471186975,1.1273006990505479,1.0483615293511097,0.8498857716430344
-2.2455652130448267,-1.2696284120110255,-1.2505011182496615,-0.91233174309554,-2.356536262660172,-2.1755145577148256
0.43301006932828834,0.3688468661731688,0.4206186591473623,0.18503964976435183,0.34425942156027056,-0.576374383625671
0.3571757865625619,0.349102488470663,0.23064109617011133,0.05358964091884614,0.2799732862824427,-0.4899343742154463
-1.6827792513554038,-0.5242950479643415,-1.2505011182496615,-0.6344717429993494,-0.8867581423586611,-1.0517944353819062
-2.2053665373732754,-1.6600419783212288,-1.2947725248123374,-1.8649936479053353,-1.7266305140863127,0.8498857716430344
-3.933923098113096,-3.7992441358058096,-3.2789531518647026,-3.2615113397487865,-3.781776186508227,0.8498857716430344
0.5683645954022881,1.711705044175711,-0.6306964679349879,0.7548282574816033,-0.3968321022581575,0.3312457151816869
1.0158807364184828,1.4363212603833793,0.9524184867731562,1.0226452857343171,1.1614874117144776,-0.2738343506898849
0.0512093194866436,0.6104918930196538,0.17337362569963624,0.5145171463584114,0.5300550535996648,0.5473457387072483
-0.20546610192066847,-0.5242950479643415,0.3764860888263564,-0.3566117429031589,-0.2131098372204686,-0.7924744071512323
0.8714023243335752,0.8708159677469667,0.46588175315054275,0.8403246680712008,0.9975718766259712,-0.6628143930358955
-2.314551516228716,-2.797694974534437,-2.9393026827108617,-2.6894398342707455,-2.624151503100511,-1.3111144636125798
0.48848500714393855,0.5191716617010161,0.249026981317046,0.4536635834573452,0.3807275562811918,-0.6628143930358955
1.2365063402638186,1.4455991700990318,0.8350969041243915,1.3856104695399702,1.511790409498818,1.4981858422197185
0.6641575195133679,0.8327105510656249,0.7746957013419256,0.7717199226074507,0.5591938947606824,-0.23061434598477273
-1.3887866184003899,-1.8184302870702425,-1.805551057918059,-1.6339386091053483,-1.6399273229176468,-0.878914416561457
-0.2570555654568147,-0.2592882921551775,-0.9199394644880362,-0.31956300193033327,-0.5274796995196782,-0.6628143930358955
0.6410405233510129,0.9376395758339364,1.337379155083599,1.1222792131288084,1.0158853120049276,1.4981858422197185
1.2890863070925376,1.3464042433447878,1.495749160113403,1.4225702953127646,1.4892871266249215,-0.6628143930358955
0.5683645954022881,0.412149740846462,0.5135571268527471,0.925818855780797,0.3568995133948637,-0.2738343506898849
-0.3883715394697305,-0.37522837515500423,-0.13485274768324873,0.1991082572892222,-0.004891270177754216,0.4176857245919115
0.1384591526992784,0.1796315694871836,0.5400450983885947,-0.08646958216963994,0.11350817608125376,-0.44671436951033416
0.34325021072651873,-0.20486703124594463,-0.1879799230896222,0.05620819355975242,0.02310506345774857,-0.4899343742154463
-0.2758143471318463,-0.4719905338090013,-0.35341570113301257,-0.5321014503239102,-0.280796059216594,-0.44671436951033416
-0.9716226498700281,-1.6294972232847769,-1.2993342870386535,-1.2129251369596004,-1.2608833039168494,-0.6628143930358955
0.34325021072651873,0.3488103177919565,0.4318247272250512,-0.10256767913521327,0.27506618706479596,-0.7492544024461202
-2.5269581938895382,-2.0149617760577097,-2.4901104188790084,-2.023771743480302,-2.356536262660172,-0.7924744071512323
0.3573198597687545,0.4694827707645707,-0.24331856148831704,0.6853632574575557,0.9504645080182276,-0.878914416561457
1.6939365187811342,0.7179272254467987,0.6089128326943589,1.8662682578663654,1.562872058143857,-0.6628143930358955
0.50856971254471,0.8638873487947893,0.4849519026314247,0.8625001189588775,0.8984108461096288,1.4981858422197185
1.6939365187811342,0.7179272254467987,0.6089128326943589,0.7548282574816033,1.562872058143857,-0.44671436951033416
-0.9820702084628303,-0.48300357959615514,-0.16278858288223239,-1.0359994490583515,-0.9681818905192041,-0.05773432716432344
-0.3320929433007884,0.9166827891925804,-0.8786183280608575,-0.8011877430570641,-0.20086168621795586,-0.9221344212665691
1.1133282512569307,0.5963047208794793,0.4918044628453037,0.7810782474106915,0.8275890974568615,-0.5331543789205588
0.6487619467453914,0.6469436634106299,0.1661962878489932,0.91360635305657,0.6530088523274465,2.5786859598475256
-0.8493022466687558,-1.7442845240148785,-1.8883321670140862,-1.4096211195876938,-1.27146570638302,-0.7924744071512323
-0.4933693907702035,-0.8038884745968083,0.5867114301200878,-0.22058482413606867,-0.8677470522986008,-0.6628143930358955
0.7827590330797976,0.8393211611158103,1.0683120395075945,0.9067020877741803,0.923838007590845,0.677005752822585
0.6755618142410429,1.0018634611471116,0.8155135563930488,0.8871429666474078,0.8629774351854009,1.6062358539824992
0.18492726398405077,-0.3304547093099924,0.758756804954434,0.11972032094173936,-0.1168746450156073,-0.44671436951033416
-1.3611875948391408,-0.2758505932821134,-0.27652273621497525,-0.6741657111730903,-1.0967267252166146,0.0
-1.0194954749151768,-1.2696284120110255,-0.8520559799669716,-1.0314136476167637,-1.3066953080745674,-0.6628143930358955
-1.982931013875147,-2.650725172922619,-2.9700623478966786,-2.4825964044391395,-2.381661629700687,-0.8140844095037884
-0.8241704767635529,-1.63273892652947,-1.560403443406998,-1.2258156180840631,-1.163127381283516,-0.7276444000935641
0.4310988482023908,0.7906419484431925,0.8507878786517579,0.7006122142628348,0.6786143468872597,0.5905657434123608
0.43482224012492865,0.5326472889229802,0.535376729762425,0.6983137563420386,0.49998143355413527,1.0659857951685958
0.22029723610430701,0.24298888054242698,0.5242797473031913,0.22365774401772096,0.20524584723799302,-0.014514322459211313
-0.31065304930426846,0.2636296458374262,0.018623279827670387,0.15147416175273223,-0.03288760381325787,1.0659857951685958
0.5914928472838764,0.8608682517814908,0.9485310720063831,0.7472148934789676,0.7373799955452354,2.1464859127964027
-0.13511785670949059,-0.5242950479643415,-0.4757453053563196,-0.7734017430474447,-0.3968321022581575,-0.3602743601001095
-2.0104782611279215,-2.5929886692101065,-2.3881178448418274,-2.2784182077284565,-2.381342197922541,-0.8356944118563449
0.6549480900362825,0.5268158006826794,0.5969927496595068,0.6693318468920059,0.5641774224405842,-0.10095433186943596
0.082824383670509,-0.3862712342767206,-0.03924911998151158,-0.23311742158040683,-0.21751329246889217,-0.44671436951033416
0.943146278729742,1.1649106003103271,0.9201688112079828,1.083650004475436,1.1135942017384126,1.238865813989045
1.5404490290215007,1.540051789102304,1.0596794003380117,1.3408594493644777,1.4916093760549987,0.7202257575276972
-0.6730759529130226,-0.9481114743176607,-1.268730812624717,-0.7815730499302734,-0.7426630551484611,-0.8356944118563449
1.2115479084348144,1.0018634611471116,0.4318247272250512,1.0723822257515356,1.4228923496705013,2.362585936321964
0.08597598505596941,-0.2833218149233175,-0.06448508612372367,-0.01607764118527117,-0.15186908220790565,-0.1441743365745481
0.8448703429556894,0.7376557027042052,0.6735088733501552,0.9533981279503457,0.8577685415270518,0.6337857481174729
-1.9446525639048793,-1.1633577871874303,-2.2805222367658016,-2.102472809907547,-1.7858998067135115,-0.878914416561457
1.0622925691070872,1.1318058736128291,0.5987034104943755,0.8254380407060473,1.0072390972492349,0.4176857245919115
-0.1820159364689938,-0.2758505932821134,-1.0439003945509704,0.013868998185095209,-0.3968321022581575,-0.403494364805222
0.5021539525814505,0.7763852118557077,0.681831610194579,0.3625544008658049,0.5830199779428499,0.28802571047657477
-0.1820159364689938,-0.3089771830916229,-0.7546573979979222,-0.37513500194957117,-0.26618450499663676,-0.5331543789205588
0.5683645954022881,-0.2758505932821134,0.29901050753702224,-0.91233174309554,-0.8867581423586611,-0.44671436951033416
0.08044042233679229,-0.06589714107489403,-0.037079803705409774,0.14605922607085794,0.009522353922002602,-0.5331543789205588
0.39351825282461844,-0.1793666924173605,0.12149349724969738,-0.07875174280696834,0.05741948330638812,-0.5331543789205588
-0.3081880467920692,-0.9442317657133427,-0.6965172425798054,-0.4057907400401834,-0.726340679196473,-0.9221344212665691
1.1749713232126973,1.2959879070450326,1.2410193657084778,1.4505385714824468,1.4013081680478348,1.4981858422197185
0.7225026657336334,0.8223692990839321,0.6247029759657763,0.9530469129102224,0.916918292200466,0.5905657434123608
-0.15994572219538158,-0.15893462046429438,-0.1202699838706458,-0.4219910894857926,-0.5409271894683576,-0.6628143930358955
-0.2261563650162183,-0.06707377401226847,-0.32860616059021713,-0.11377544009909318,-0.166278786899342,-0.014514322459211313
0.5683645954022881,0.7179272254467987,-1.8703057685643347,0.7548282574816033,0.5830199779428499,-0.403494364805222
0.830998794571967,0.8173050073196896,1.2287174830090324,1.0882602575970328,0.6810051859629502,0.3312457151816869
0.4233031370610689,0.627008480366928,0.5112836833953933,0.7291873366727272,0.7630873947213899,0.8498857716430344
1.3179099529064233,1.200430207107335,1.0202746998896075,1.2944590522284143,1.2093394679031737,-0.7492544024461202
-4.25551475462936,-2.2634062307399376,-2.755741337473669,-3.5321536484824785,-2.7764734283760784,-2.607714604765948
0.3807700252204292,0.5522982515105257,-0.010891817620314496,0.5695889983774763,0.5830199779428499,0.6337857481174729
0.49574719719357824,-0.09419198312974345,1.2353816226092158,0.3843475163933492,0.10889895189598883,-1.2678944589074674
0.8670936350108805,0.5295327892390835,0.8409726522093746,0.8154039603825729,0.9011230766676249,-0.23061434598477273
0.08861207450052225,0.6446162357591672,0.48698486188445694,0.3266504430933747,0.3822306493722197,0.6337857481174729
0.03430998262903376,0.7746302002278326,0.4786224575424106,0.25751665218944264,0.32996533941429845,-0.576374383625671
0.8979095431291473,1.4630141325944388,1.619236559423499,1.8069040245658148,1.38841723408071,3.659186077475333
0.030928764571203946,0.22551429137789752,0.1845425054983066,-0.1263124833034335,0.022474038718098818,0.4176857245919115
0.47513347298881786,0.17516553196981566,0.5115836688461457,0.3069912923665694,0.4139347432792035,-0.23061434598477273
-2.578968621325028,-3.2336354902762494,-3.4095360748115984,-3.3485459832989175,-3.327101304845035,-1.5272144871381412
0.0921621283468595,0.10637225624612615,-0.6306964679349879,-0.6985929395015474,0.01771979642496389,-0.878914416561457
1.2164216348630463,1.410560551766289,0.6089128326943589,1.4957875167781103,1.503487142971195,2.5786859598475256
0.5683645954022881,0.46507238480505136,0.1321392619235017,0.20897339873263723,0.3163140402329375,-0.6628143930358955
1.131150557091711,-0.7727395026465694,0.6089128326943589,-2.023771743480302,-0.3968321022581575,-0.44671436951033416
-0.05366246775841028,0.05889551473417068,-0.3892999111676317,-0.2864154153588585,-0.10287647819785548,-0.4899343742154463
0.4879672440591839,1.0018634611471116,0.6384279301423428,0.728364871072442,0.9562965875995846,0.7634457622328101
0.015452150624743895,-0.21192285375892023,-0.7031888198357925,-0.23961712270265725,-0.17335723832671399,-0.1441743365745481
-0.5572073279765578,-1.4904677064446021,-1.0439003945509704,-1.097571002199667,-1.0500661691574424,-0.23061434598477273
-0.2570555654568147,-1.0330138884829467,0.5853007547359714,-0.3248556792121659,-0.7794408231267257,-0.9653544259716816
0.8497575762469997,0.9663716801290267,0.29901050753702224,0.47696825738541276,1.3179090380936054,0.2015857010663501
-0.7736638134176966,-1.1454061846699115,-0.8333254834344622,-1.0619493501873354,-1.0751915361979563,-0.7060343977410077
-0.10600831562706682,-0.057390402946574416,0.41121746221138983,-0.07396143640530972,0.004399687246711073,-0.7492544024461202
0.5683645954022881,-0.15162836594099938,-0.3207941427776512,0.06017825724112694,0.09309393784234617,-0.23061434598477273
-0.28370460631473227,0.32784558092805133,-0.07461021489126467,0.16275305487663685,0.042727581215853606,1.109205799873708
0.8839456978477088,1.054140149523526,0.7015934616652131,0.8670103424804394,1.0610408152689113,0.28802571047657477
-1.9439231932985297,-2.8802560481587984,-3.069067463519344,-2.639287215693383,-2.512707046906769,-0.6628143930358955
0.42127260531129357,-0.15162836594099938,-0.2221881813497896,0.19279305520703577,0.009583104750974854,-0.44671436951033416
0.7599504436244475,0.42190863902638026,0.5297885710351874,0.4710553965833656,0.49962868680526323,0.3312457151816869
0.17722384974044586,0.28004884295846544,0.37052604730893085,0.26810422963310704,0.18036740292168962,0.2015857010663501
0.6542862537453352,1.0593018315140053,1.0252703253711417,1.017841642052654,1.0093673359674313,2.362585936321964
-0.4896730125738275,-0.9864017336732854,-1.337273769293716,-0.9012173430916925,-0.9161537047646916,-0.6628143930358955
1.1710408260562568,0.7683773501923901,0.7608963706073198,0.7580225360427094,0.9631359551193863,-0.576374383625671
0.9009193224522611,-0.14033507480896365,0.1299724248660015,0.5022290657141575,0.20444040882806747,-0.878914416561457
-0.48216995013258407,-0.5739839389007868,-0.21749254131900547,-0.2084190018918574,-0.42949449149957786,-1.0950144400870183
-0.9323987194841219,-1.5244429825113057,-0.9485446887093585,-1.4395521987980546,-1.2008124922880463,-0.7060343977410077
0.8231738185606372,1.0007186290999348,0.9188151578516957,0.9411344989860997,1.1006033228591072,1.0659857951685958
0.8706616980079923,1.1835836855242425,0.7080815767447067,0.91360635305657,1.1541346017046485,0.8498857716430344
1.1011720744844393,1.5372533107647623,0.9105618391281057,1.2607624142967497,1.4335688179363721,-1.0950144400870183
0.28697161455757664,0.22103831608234265,0.09240978383833125,-0.07875174280696834,-0.07021408895643512,-0.7060343977410077
0.6100535283003947,-0.1776991332375333,0.3793545447480129,0.24713357970584798,-0.05811683517427351,-0.6628143930358955
-0.23561567146029472,-0.7017559406104007,-0.27652273621497525,-0.9917196794430228,-0.5368118107315134,0.4176857245919115
-1.4820109873823188,-2.418334205124137,-2.747783045763628,-2.098700582546241,-2.0771686763699027,-0.9221344212665691
-0.2108778517282736,-0.8874055624827859,-0.8214054003996101,-0.5276023412023527,-0.6229525668061436,-0.7492544024461202
-0.016932804754711282,0.16141164695860832,0.4601597166188372,0.08796425725074639,-0.12247351980187521,-0.6628143930358955
-1.2825754005665149,-1.589845488317493,-1.112765649638133,-1.2457637432109685,-1.5835427148145598,-0.44671436951033416
0.39952880689546083,0.6682383345103533,0.9188151578516957,0.6251609983967142,0.5830199779428499,0.9363257810532586
1.5867392999423795,0.9072180492470073,1.1992023855610485,1.3370116440831448,1.0029571436587568,-0.878914416561457
0.5683645954022881,-0.2758505932821134,-1.8703057685643347,0.7548282574816033,1.562872058143857,-0.23061434598477273
0.5683645954022881,-0.012195375306420822,0.052353048897795136,0.028989027950329458,0.22307523568933021,0.2015857010663501
-0.5572073279765578,-0.23904305043203206,-0.4470508292653515,-0.45952219541878453,-0.28795877792286284,0.2015857010663501
0.9221160929133312,0.8882885693558592,1.0339227982895351,0.8183381619835901,0.8349811015498972,-0.576374383625671
-3.030295948873784,-3.103218052013179,-3.0226193030247623,-2.8299569706393903,-2.977568470795731,-0.2738343506898849
0.19317320389472414,0.6075065844521915,0.7466483013058873,0.5078418377161003,0.25640196464112747,-0.6628143930358955
-2.446097106914002,-3.200069650670862,-3.480372308686762,-3.0649487299207405,-2.897144171756993,-1.0517944353819062
-2.2455652130448267,-1.2696284120110255,-1.2505011182496615,-2.5794917436726834,-1.8666102225596686,-0.576374383625671
-0.30708048401946353,-0.1654299522875062,-0.9061649259394431,-0.974078903756916,-0.5601401290569388,-0.3170543553949974
0.6451848791728954,0.8093428594360345,0.8480061953811465,0.7152521019479028,0.6731546110963808,0.8498857716430344
0.9776630673320778,1.0567160216296714,0.9469889980364004,1.2095072472390065,1.25110076356134,1.1956458092839328
-0.3039536452163179,-0.350383929686782,-0.7236671654821891,-0.32882574289353944,-0.37233580025313195,-0.23061434598477273
0.369329712191207,0.22103831608234265,0.17051508665238507,-0.05164372119758359,0.14686626029961747,-1.0085744306767936
0.5559945599643551,0.5541168649187995,-0.09943463074566754,0.32735065029361726,0.6476255449988234,0.43929572694446756
1.6939365187811342,1.711705044175711,0.6089128326943589,0.7548282574816033,1.562872058143857,0.28802571047657477
1.4892872828162393,1.079300616338105,0.49621995117414497,1.5631474494414292,1.6519504107549299,-1.0950144400870183
-0.1820159364689938,0.05540934214606959,0.6089128326943589,1.1253089985698583,0.5830199779428499,-0.5331543789205588
0.6648081000850818,0.3523998432732048,0.47549616288622354,0.3448602760596791,0.4529877277876952,-0.4899343742154463
-0.8386003088212693,-0.2758505932821134,-0.9405987930923246,-1.468051743287921,-0.15186908220790565,-0.7492544024461202
0.25045581021932056,0.22483057223861178,0.2587951026060054,0.050633210517823046,0.3511458219799233,-0.10095433186943596
0.37326471163533964,0.17466268039353916,0.5262730390586033,-0.0009509427800346679,0.1780137982250468,-0.2738343506898849
1.2437077494295954,0.3204160979552335,0.36099097256848933,0.7548282574816033,0.9749608100232531,-0.23061434598477273
0.2373136324419486,0.2502673092867972,0.6089128326943589,0.16641858399790582,0.410105481349778,0.5257357363546922
0.41676581533008455,-0.42620122703324775,-0.3653928061956939,-0.012105354623896562,-0.05153418889948293,-0.576374383625671
-0.36248788751971056,-0.7958011107079926,-0.7196136430691306,-0.5957825165859556,-0.5952835037654276,-0.7924744071512323
-0.892814606082735,-1.6799036218063443,-1.665599167877006,-1.0652814473084888,-1.2440886392622037,-0.6195943883307834
0.1410142009653486,0.2751713814241436,0.37812485232178844,0.19368665296734566,0.2755208384300093,-0.2738343506898849
0.3230484458457156,0.5905189464188402,0.37847194292596475,0.3879107930345823,0.3600409191639877,0.4176857245919115
0.16637558754292076,-0.2758505932821134,-0.3650655493403272,0.1991082572892222,-0.0468857706310097,-0.23061434598477273
-1.1754569717623966,-1.6052092933950421,-1.6726872538580044,-1.2779799430621208,-1.5044902086881031,-0.6195943883307834
1.236672924908478,0.9732724733022811,0.5787828890332618,0.6429129180828602,0.6612729247718631,-0.6628143930358955
-0.5572073279765578,0.9166827891925804,-0.3827746078091183,-1.2457637432109685,-0.20086168621795586,-2.1755145577148256
0.7730138313671829,1.5581206574024324,0.7666803876040567,1.4115892681089621,1.4114398385571125,4.221046138641793
0.5707192918659959,0.32914742987058637,0.9201117891801547,0.2921157794014194,0.566621173528606,-0.23061434598477273
-0.2502323484572921,-0.024895855829776554,0.7466483013058873,-0.23311742158040683,-0.1098040324048763,-0.8356944118563449
-0.05452465585171803,-0.5460031306366555,-0.2696453838150835,-0.2810760575970101,-0.235109476125142,-0.44671436951033416
0.5683645954022881,0.05540934214606959,0.6089128326943589,0.7548282574816033,0.25640196464112747,-0.05773432716432344
0.4585537985574483,0.6209742614516064,0.8507878786517579,0.5741058905390405,0.5113242012345419,1.4981858422197185
-2.9691481285643055,-0.9856921763107135,-0.09943463074566754,-1.3092736477129543,-1.9365990969442661,-0.44671436951033416
0.15906612347249854,-0.18550625178146796,-0.1799299002913352,0.04754785307675408,0.004015585231272547,-0.7060343977410077
0.5683645954022881,0.42563928095788844,0.5359940551941377,0.8528972773555534,0.5830199779428499,-0.44671436951033416
-1.1825255634412162,-0.055011298848536734,-0.21749254131900547,-0.3566117429031589,-1.0500661691574424,0.2015857010663501
-1.6259671340947797,-2.2391103506276537,-2.182164197198065,-1.8195401976496002,-1.868156429142226,-0.6628143930358955
0.5021539525814505,0.5425552537757075,0.633219091861099,0.5151062095586156,0.6406587967085935,0.07192568695101333
0.932176454764492,1.3967390898634064,1.0531367424492915,1.1625755817827583,1.2715248003210502,0.8498857716430344
-1.1903415348771587,-1.362795082516861,-1.1730255369603273,-1.294389243227802,-1.2848230499403204,-0.576374383625671
0.9648090359670921,0.6493903444003409,0.4898359632759044,0.784941612852028,0.7881618094537329,-0.6628143930358955
0.1079043772672361,0.8986139208924518,0.5638356800862736,0.6234760553561313,0.8591599314809368,1.71428586574528
-0.5572073279765578,-0.7727395026465694,0.4539616701156906,-0.7734017430474447,-0.3968321022581575,-0.403494364805222
-0.1820159364689938,-0.2758505932821134,-0.27652273621497525,-0.1713724837990319,-0.3268432278735599,-0.6628143930358955
-3.5587317066055317,-3.2571840494688495,-3.109915069193682,-3.6909317440574454,-3.009770329559457,-0.6628143930358955
-2.683286627183779,-2.214331494495467,-1.778482949229516,-2.5520480671831827,-2.429117825648982,-2.607714604765948
0.5134591969798682,0.36646974963076884,0.4577399992640085,0.34820348758083686,0.4157278725859713,-0.6628143930358955
0.592940332777342,0.7179272254467987,0.7875454913522509,0.7402683934765633,0.6899904295383944,0.4176857245919115
0.21986051419803596,0.18985356813062898,0.20435394134096505,0.37814790407120313,0.3698296414451959,0.5041257340021361
0.08597598505596941,0.5049745517826546,0.5203700195690059,-0.11844571098070926,0.30306252070029965,-0.2738343506898849
-0.10303005231780597,-0.2758505932821134,-0.3806003330958144,-0.2786153294361578,-0.2850936904403558,-0.23061434598477273
1.067197811549172,0.39043172039596097,0.3130974276293746,0.7043088637041139,0.8057129199142925,-0.014514322459211313
-2.0847682592147714,-1.8375008834116504,-1.4275892237189691,-2.023771743480302,-1.656641639701715,0.5041257340021361
-1.4717345157218702,-0.08951725227044238,0.4539616701156906,-1.1901917431917306,-1.07048040739635,0.028705682245900817
0.05164379024906758,0.21926939156500508,-0.004274783173554962,-0.08765215433004978,0.049506197906684805,0.2015857010663501
0.8082397302812465,1.1197831495618467,0.6563303676620327,0.9704365031562426,1.08365384157579,-0.23061434598477273
-0.21953575096290423,0.5191716617010161,0.9807956228831639,0.08796425725074639,-0.10287647819785548,2.2545359245591836
-0.27521104058091495,-0.9014834190629001,-1.023548489053238,-0.4232514624462284,-0.5143300846033807,-0.8356944118563449
-1.0395959383228766,-0.9856921763107135,0.4318247272250512,-0.5153898384781257,-1.236704473985809,-0.6628143930358955
0.36768187489538,-0.4453314500437797,-0.41929101858705764,-0.14121689370859258,-0.18415128884220797,-0.44671436951033416
0.28697161455757664,0.3791384292639252,0.29901050753702224,0.1991082572892222,0.338056957892598,-0.12256433422199202
-0.6138393537294413,-0.07584485704036985,-0.038178097545767856,-0.4614649925394572,-0.3536931345752283,1.238865813989045
